sinai_lab,mover_lab,,,,,
ALBUMIN,Albumin,,,,,
ALT,Alanine aminotransferase,,,,,
ANION GAP,Anion gap,,,,,
AST,Aspartate aminotransferase,,,,,
BASOPHILS,Basophils,,,,,
"BILIRUBIN, TOTAL",Bilirubin,,,,,
Basophil %,Basophils/100 leukocytes,,,,,
CALCIUM,Calcium,,,,,
CHLORIDE,Chloride,,,,,
CHOLESTEROL,Cholesterol,,,,,
Creatinine - Serum,Creatinine,,,,,
EOSINOPHILS,Eosinophils,,,,,
Eosinophil %,Eosinophils/100 leukocytes,,,,,
FERRITIN,Ferritin,,,,,
"GFR, ESTIMATED",Glomerular filtration rate/1.73 sq M.predicted.non black,,,,,
GLUCOSE,Glucose,,,,,
HDL,Cholesterol.in HDL,,,,,
HEMATOCRIT,Hematocrit,,,,,
HEMOGLOBIN,Hemoglobin,,,,,
INR,Coagulation tissue factor induced.INR,,,,,
LDL,Cholesterol.in LDL,,,,,
LYMPHOCYTES,Lymphocytes,,,,,
Lymphocyte %,Lymphocytes/100 leukocytes,,,,,
MEAN CORPUSCULAR HEMOGLOBIN,Erythrocyte mean corpuscular hemoglobin,,,,,
MEAN CORPUSCULAR VOLUME,Erythrocyte mean corpuscular volume,,,,,
MONOCYTES,Monocytes,,,,,
Mean Corpuscular Hemoglobin Concentration,Erythrocyte mean corpuscular hemoglobin concentration,,,,,
Monocyte %,Monocytes/100 leukocytes,,,,,
NEUTROPHILS,Neutrophils,,,,,
Neutrophil %,Neutrophils/100 leukocytes,,,,,
PLATELET COUNT,Platelets,,,,,
POTASSIUM,Potassium,,,,,
SODIUM,Sodium,,,,,
TRIGLYCERIDES,Triglyceride,,,,,
TROPONIN I,Troponin I.cardiac,,,,,
TSH,Thyrotropin,,,,,
Total Protein - Blood,Protein,,,,,
"UREA NITROGEN, BLOOD",Urea nitrogen,,,,,
WHITE BLOOD CELL COUNT,Leukocytes,,,,,
"BICARBONATE, VENOUS",Bicarbonate,,,,,
"BILIRUBIN, DIRECT",Bilirubin.glucuronidated+Bilirubin.albumin bound,,,,,
"LACTATE, BLOOD",Lactate,,,,,
PREALBUMIN,Prealbumin,,,,,
Pro-BNP,Natriuretic peptide.B,,,,,
ALKALINE PHOSPHATASE,Alkaline phosphatase,,,,,
HIV,HIV 1+2 Ab,,,,,
COVID-19 PCR,SARS coronavirus 2 RNA,,,,,
INFLUENZA,Influenza virus A+B Ag,,,,,
MAGNESIUM,Magnesium,,,,,
ERYTHROCYTE SEDIMENTATION RATE,Erythrocyte sedimentation rate,,,,,
FIBRINOGEN,Fibrinogen,,,,,
HIV 1 PCR,HIV 1 RNA,,,,,
HEMOGLOBIN A1C,Hemoglobin A1c/Hemoglobin.total,,,,,
PARTIAL THROMBOPLASTIN TIME,UNMATCHED,,,,,
"ABG O2 SATURATION, ARTERIAL",UNMATCHED,,,,,
"ABG O2 SATURATION, VENOUS",UNMATCHED,,,,,
B-TYPE NATRIURETIC PEPTIDE,UNMATCHED,,,,,
"BICARBONATE, ARTERIAL",UNMATCHED,,,,,
"Base Excess, Arterial",UNMATCHED,,,,,
"Base Excess, Venous",UNMATCHED,,,,,
Ejection Fraction,UNMATCHED,,,,,
"Lactate, Arterial",UNMATCHED,,,,,
"Lactate, Venous",UNMATCHED,,,,,
"PCO2, Arterial",UNMATCHED,,,,,
"PCO2, Venous",UNMATCHED,,,,,
"PH, ARTERIAL",UNMATCHED,,,,,
"PH, VENOUS",UNMATCHED,,,,,
"PO2, Arterial",UNMATCHED,,,,,
"PO2, Venous",UNMATCHED,,,,,
"PO2, Capillary",UNMATCHED,,,,,
TSH and Free T4,UNMATCHED,,,,,
Protein - Urine Dipstick,UNMATCHED,,,,,
Total Protein - Urine,UNMATCHED,,,,,
HIV PCR,UNMATCHED,,,,,
UNMATCHED,Erythrocyte distribution width,,,,,
UNMATCHED,Indirect antiglobulin test.IgG specific reagent,,,,,
UNMATCHED,Polychromasia,,,,,
UNMATCHED,Platelet morphology finding,,,,,
UNMATCHED,Microorganism identified,,,,,
UNMATCHED,Major crossmatch,,,,,
UNMATCHED,Smooth muscle Ab,,,,,
UNMATCHED,Benzoylecgonine,,,,,
UNMATCHED,Carbon dioxide,,,,,
UNMATCHED,Phosphate,,,,,
UNMATCHED,Platelet mean volume,,,,,
UNMATCHED,Leukocytes^^corrected for nucleated erythrocytes,,,,,
UNMATCHED,Glomerular filtration rate/1.73 sq M.predicted.black,,,,,
UNMATCHED,Differential cell count method,,,,,
UNMATCHED,Coagulation tissue factor induced,,,,,
UNMATCHED,Erythrocyte morphology finding,,,,,
UNMATCHED,Anisocytosis,,,,,
UNMATCHED,Hypochromia,,,,,
UNMATCHED,Microcytes,,,,,
UNMATCHED,Myelocytes,,,,,
UNMATCHED,Erythrocytes,,,,,
UNMATCHED,Schistocytes,,,,,
UNMATCHED,Tetrahydrocannabinol,,,,,
UNMATCHED,Urinalysis complete W Reflex Culture panel,,,,,
UNMATCHED,Coagulation surface induced,,,,,
UNMATCHED,Herpes simplex virus 2 Ab.IgM,,,,,
UNMATCHED,Complement C3,,,,,
UNMATCHED,Herpes simplex virus 1 Ab.IgG,,,,,
UNMATCHED,ABO & Rh group,,,,,
UNMATCHED,D-lactate,,,,,
UNMATCHED,Barbiturates,,,,,
UNMATCHED,Methylenedioxymethamphetamine,,,,,
UNMATCHED,Epithelial cells.non-squamous,,,,,
UNMATCHED,Color,,,,,
UNMATCHED,Urobilinogen,,,,,
UNMATCHED,Ethanol,,,,,
UNMATCHED,Leukocyte esterase,,,,,
UNMATCHED,Ammonia,,,,,
UNMATCHED,Leukocyte clumps,,,,,
UNMATCHED,Mucus,,,,,
UNMATCHED,Lactate dehydrogenase,,,,,
UNMATCHED,Urate,,,,,
UNMATCHED,Calcium.ionized,,,,,
UNMATCHED,Oxygen,,,,,
UNMATCHED,Base excess^^standard,,,,,
UNMATCHED,Hepatitis B virus surface Ab,,,,,
UNMATCHED,Hepatitis B virus surface Ag,,,,,
UNMATCHED,Hepatitis B virus core Ab,,,,,
UNMATCHED,pH^^adjusted to patient's actual temperature,,,,,
UNMATCHED,Metamyelocytes,,,,,
UNMATCHED,Base excess,,,,,
UNMATCHED,Oxygen inhaled,,,,,
UNMATCHED,Reviewer initials,,,,,
UNMATCHED,Fibrin D-dimer FEU,,,,,
UNMATCHED,Metamyelocytes/100 leukocytes,,,,,
UNMATCHED,Blood product source,,,,,
UNMATCHED,Protein.monoclonal,,,,,
UNMATCHED,Body temperature,,,,,
UNMATCHED,Urinalysis specimen collection method,,,,,
UNMATCHED,Neutrophils.band form,,,,,
UNMATCHED,Neutrophils.band form/100 leukocytes,,,,,
UNMATCHED,Lymphocytes.abnormal,,,,,
UNMATCHED,Bacteria,,,,,
UNMATCHED,Procalcitonin,,,,,
UNMATCHED,Vancomycin^trough,,,,,
UNMATCHED,Clarity,,,,,
UNMATCHED,Oxygen content,,,,,
UNMATCHED,Nucleated cells,,,,,
UNMATCHED,Microscopic observation,,,,,
UNMATCHED,Lymphocytes.variant/100 leukocytes,,,,,
UNMATCHED,Myelocytes/100 leukocytes,,,,,
UNMATCHED,Platelets.large,,,,,
UNMATCHED,Ketones,,,,,
UNMATCHED,Yeast.budding,,,,,
UNMATCHED,Macrophages/100 leukocytes,,,,,
UNMATCHED,Methemoglobin,,,,,
UNMATCHED,Tube number,,,,,
UNMATCHED,Carboxyhemoglobin/Hemoglobin.total,,,,,
UNMATCHED,Iron,,,,,
UNMATCHED,Iron saturation,,,,,
UNMATCHED,Specific gravity,,,,,
UNMATCHED,Granular casts,,,,,
UNMATCHED,Nitrite,,,,,
UNMATCHED,Reticulocytes/100 erythrocytes,,,,,
UNMATCHED,Amylase,,,,,
UNMATCHED,Hemoglobin.gastrointestinal.lower,,,,,
UNMATCHED,Appearance,,,,,
UNMATCHED,Iron/Transferrin,,,,,
UNMATCHED,Toxic granules,,,,,
UNMATCHED,Stomatocytes,,,,,
UNMATCHED,Gamma glutamyl transferase,,,,,
UNMATCHED,Erythrocytes.nucleated/100 leukocytes,,,,,
UNMATCHED,Iron binding capacity,,,,,
UNMATCHED,C reactive protein,,,,,
UNMATCHED,Dacryocytes,,,,,
UNMATCHED,Triacylglycerol lipase,,,,,
UNMATCHED,Gentamicin^peak,,,,,
UNMATCHED,Gentamicin^trough,,,,,
UNMATCHED,Gentamicin,,,,,
UNMATCHED,Fungus identified,,,,,
UNMATCHED,Activated clotting time,,,,,
UNMATCHED,Heparin.low molecular weight,,,,,
UNMATCHED,Leukocytes other/100 leukocytes,,,,,
UNMATCHED,Legionella pneumophila 1 Ag,,,,,
UNMATCHED,Creatine kinase.MB,,,,,
UNMATCHED,Ova & parasites identified,,,,,
UNMATCHED,Target cells,,,,,
UNMATCHED,Hepatitis B virus DNA,,,,,
UNMATCHED,Crystals.amorphous,,,,,
UNMATCHED,Tacrolimus,,,,,
UNMATCHED,Coccidioides immitis Ab.IgG,,,,,
UNMATCHED,Cytomegalovirus Ab.IgM,,,,,
UNMATCHED,Toxoplasma gondii Ab.IgM,,,,,
UNMATCHED,Varicella zoster virus Ab.IgM,,,,,
UNMATCHED,Fluid,,,,,
UNMATCHED,Erythrocytes.nucleated,,,,,
UNMATCHED,Galactomannan Ag,,,,,
UNMATCHED,Creatine kinase,,,,,
UNMATCHED,Varicella zoster virus Ab.IgG,,,,,
UNMATCHED,Epstein Barr virus capsid Ab.IgM,,,,,
UNMATCHED,West Nile virus Ab.IgG,,,,,
UNMATCHED,Parathyrin.intact,,,,,
UNMATCHED,Calcidiol,,,,,
UNMATCHED,Methadone,,,,,
UNMATCHED,Cobalamins,,,,,
UNMATCHED,Valproate,,,,,
UNMATCHED,Thyroxine.free,,,,,
UNMATCHED,Hepatitis C virus Ab,,,,,
UNMATCHED,Coccidioides immitis Ab.IgM,,,,,
UNMATCHED,Trypanosoma cruzi Ab.IgG,,,,,
UNMATCHED,West Nile virus Ab.IgM,,,,,
UNMATCHED,Histoplasma capsulatum Ag,,,,,
UNMATCHED,Spermatozoa,,,,,
UNMATCHED,Burr cells,,,,,
UNMATCHED,levETIRAcetam,,,,,
UNMATCHED,Osmolality,,,,,
UNMATCHED,Cells.CD3+CD8+,,,,,
UNMATCHED,Trypanosoma cruzi Ab.IgM,,,,,
UNMATCHED,Treponema pallidum Ab.IgG+IgM,,,,,
UNMATCHED,Elliptocytes,,,,,
UNMATCHED,Neisseria gonorrhoeae DNA,,,,,
UNMATCHED,Mycoplasma pneumoniae Ab.IgG,,,,,
UNMATCHED,XXX microorganism DNA,,,,,
UNMATCHED,Cells.CD3/100 cells,,,,,
UNMATCHED,Cholesterol.in VLDL,,,,,
UNMATCHED,HLA-B*57:01,,,,,
UNMATCHED,Mitogen stimulated gamma interferon^^corrected for background,,,,,
UNMATCHED,Cells.CD3+CD8+/100 cells,,,,,
UNMATCHED,Cells.CD3+CD4+/100 cells,,,,,
UNMATCHED,Cholesterol.non HDL,,,,,
UNMATCHED,Dohle body,,,,,
UNMATCHED,Cytomegalovirus Ab.IgG,,,,,
UNMATCHED,Hyaline casts,,,,,
UNMATCHED,Toxoplasma gondii Ab.IgG,,,,,
UNMATCHED,Strongyloides stercoralis Ab.IgG,,,,,
UNMATCHED,Mycobacterium tuberculosis tuberculin stimulated gamma interferon/Mitogen stimulated gamma interferon,,,,,
UNMATCHED,Hepatitis A virus Ab.IgG,,,,,
UNMATCHED,Benzodiazepines,,,,,
UNMATCHED,Vancomycin,,,,,
UNMATCHED,Opiates,,,,,
UNMATCHED,Phencyclidine,,,,,
UNMATCHED,Mycoplasma pneumoniae Ab.IgM,,,,,
UNMATCHED,Specimen source,,,,,
UNMATCHED,Propoxyphene,,,,,
UNMATCHED,Acetaminophen,,,,,
UNMATCHED,Specimen-related information panel,,,,,
UNMATCHED,Streptococcus pneumoniae Ag,,,,,
UNMATCHED,Collection duration,,,,,
UNMATCHED,Amphetamine,,,,,
UNMATCHED,Glucose-6-Phosphate dehydrogenase,,,,,
UNMATCHED,Nuclear Ab,,,,,
UNMATCHED,Cells.CD3,,,,,
UNMATCHED,Platelet function.collagen+Adenosine diphosphate induced,,,,,
UNMATCHED,Platelet function.collagen+EPINEPHrine induced,,,,,
UNMATCHED,Cells.CD3+CD4+,,,,,
UNMATCHED,Mycobacterium tuberculosis tuberculin stimulated gamma interferon,,,,,
UNMATCHED,Glutamate decarboxylase 65 Ab,,,,,
UNMATCHED,Hepatitis A virus Ab.IgM,,,,,
UNMATCHED,IgG,,,,,
UNMATCHED,Karyotype,,,,,
UNMATCHED,HIV susceptibility panel,,,,,
UNMATCHED,Epstein Barr virus capsid Ab.IgG,,,,,
UNMATCHED,Epstein Barr virus early Ab.IgG,,,,,
UNMATCHED,Herpes simplex virus 2 Ab.IgG,,,,,
UNMATCHED,Epstein Barr virus nuclear Ab.IgG,,,,,
UNMATCHED,Clostridioides difficile toxin genes,,,,,
UNMATCHED,Mycobacterium tuberculosis stimulated gamma interferon release by CD4+ T-cells^^corrected for background,,,,,
UNMATCHED,Direct antiglobulin test.poly specific reagent,,,,,
UNMATCHED,Thyroperoxidase Ab,,,,,
UNMATCHED,Platelets.giant,,,,,
UNMATCHED,Beta hydroxybutyrate,,,,,
UNMATCHED,Drugs identified,,,,,
UNMATCHED,Hepatitis B virus core Ab.IgM,,,,,
UNMATCHED,Cryptococcus sp Ag,,,,,
UNMATCHED,"1,3 beta glucan",,,,,
UNMATCHED,Haptoglobin,,,,,
UNMATCHED,Choriogonadotropin.beta subunit,,,,,
UNMATCHED,Folate,,,,,
UNMATCHED,IgG subclass 2,,,,,
UNMATCHED,IgG subclass 3,,,,,
UNMATCHED,Salicylates,,,,,
UNMATCHED,Cytomegalovirus DNA,,,,,
UNMATCHED,Reagin Ab,,,,,
UNMATCHED,Cells.CD3+CD4+/Cells.CD3+CD8+,,,,,
UNMATCHED,DNA double strand Ab,,,,,
UNMATCHED,Macrocytes,,,,,
UNMATCHED,IgM,,,,,
UNMATCHED,Thyroxine free index,,,,,
UNMATCHED,Thyroglobulin Ab,,,,,
UNMATCHED,Triiodothyronine,,,,,
UNMATCHED,IgA,,,,,
UNMATCHED,IgG subclass 1,,,,,
UNMATCHED,Chlamydia trachomatis DNA,,,,,
UNMATCHED,Buprenorphine,,,,,
UNMATCHED,Meperidine,,,,,
UNMATCHED,Specimen volume,,,,,
UNMATCHED,Hepatitis C virus genotype,,,,,
UNMATCHED,Troponin T.cardiac,,,,,
UNMATCHED,Thyroid stimulating immunoglobulins,,,,,
UNMATCHED,Neutrophils.vacuolated,,,,,
UNMATCHED,Platelet factor 4 heparin complex induced Ab.IgG,,,,,
UNMATCHED,Alpha 2 globulin/Protein.total,,,,,
UNMATCHED,Beta globulin/Protein.total,,,,,
UNMATCHED,Myelin associated glycoprotein Ab.IgM,,,,,
UNMATCHED,Alpha 1 globulin,,,,,
UNMATCHED,Gamma globulin,,,,,
UNMATCHED,Immunoglobulin light chains.kappa.free/Immunoglobulin light chains.lambda.free,,,,,
UNMATCHED,Hepatitis C virus RNA,,,,,
UNMATCHED,Urea,,,,,
UNMATCHED,Triple phosphate crystals,,,,,
UNMATCHED,Alpha 1 globulin/Protein.total,,,,,
UNMATCHED,Prostate specific Ag,,,,,
UNMATCHED,Digoxin,,,,,
UNMATCHED,Other cells/100 leukocytes,,,,,
UNMATCHED,Copper,,,,,
UNMATCHED,Blasts,,,,,
UNMATCHED,von Willebrand factor cleaving protease actual/normal,,,,,
UNMATCHED,Blood smear finding,,,,,
UNMATCHED,Clostridioides difficile toxin A+B,,,,,
UNMATCHED,Cortisol^baseline,,,,,
UNMATCHED,Alpha-1-Fetoprotein,,,,,
UNMATCHED,IgG subclass 4,,,,,
UNMATCHED,Immunoglobulin light chains.lambda.free,,,,,
UNMATCHED,Cancer Ag 19-9,,,,,
UNMATCHED,Composition,,,,,
UNMATCHED,Cortisol,,,,,
UNMATCHED,fentaNYL,,,,,
UNMATCHED,traMADol,,,,,
UNMATCHED,Blasts/100 leukocytes,,,,,
UNMATCHED,Other cells,,,,,
UNMATCHED,Prostate specific Ag.free,,,,,
UNMATCHED,Albumin/Globulin,,,,,
UNMATCHED,Sulfate-3-Glucuronyl paragloboside Ab.IgM,,,,,
UNMATCHED,Immunoglobulin light chains.kappa.free,,,,,
UNMATCHED,Number,,,,,
UNMATCHED,Promyelocytes,,,,,
UNMATCHED,Promyelocytes/100 leukocytes,,,,,
UNMATCHED,Coagulation factor VIII activity actual/Normal,,,,,
UNMATCHED,Carcinoembryonic Ag,,,,,
UNMATCHED,Epstein Barr virus DNA,,,,,
UNMATCHED,Prostate specific Ag.free/Prostate specific Ag.total,,,,,
UNMATCHED,Gamma globulin/Protein.total,,,,,
UNMATCHED,Beta-2-Microglobulin,,,,,
UNMATCHED,Interpretation,,,,,
UNMATCHED,Alpha 2 globulin,,,,,
UNMATCHED,Beta globulin,,,,,
UNMATCHED,Cells counted.total,,,,,
UNMATCHED,Cortisol^1H post dose corticotropin,,,,,
UNMATCHED,Cortisol^30M post dose corticotropin,,,,,
UNMATCHED,oxyCODONE,,,,,
UNMATCHED,Serotonin release.heparin.porcine interpretation,,,,,
UNMATCHED,Specimen weight,,,,,
UNMATCHED,Size,,,,,
UNMATCHED,Serotonin release 100 IU/mL heparin.unfractionated,,,,,
UNMATCHED,Serotonin release 0.1 IU/mL heparin.unfractionated,,,,,
UNMATCHED,Test performance information,,,,,
UNMATCHED,Basophilic stippling,,,,,
UNMATCHED,Adenosine deaminase,,,,,
UNMATCHED,Reference lab test method,,,,,
UNMATCHED,Acanthocytes,,,,,
UNMATCHED,TPMT gene product metabolic activity interpretation,,,,,
UNMATCHED,Howell-Jolly bodies,,,,,
UNMATCHED,Crystals,,,,,
UNMATCHED,Lithium,,,,,
UNMATCHED,Heterophile Ab,,,,,
UNMATCHED,Amikacin^peak,,,,,
UNMATCHED,Complement total hemolytic CH50,,,,,
UNMATCHED,Rheumatoid factor,,,,,
UNMATCHED,Varicella zoster virus DNA,,,,,
UNMATCHED,Enolase.neuron specific,,,,,
UNMATCHED,Treponema pallidum Ab,,,,,
UNMATCHED,Ceruloplasmin,,,,,
UNMATCHED,Helicobacter pylori Ab.IgG,,,,,
UNMATCHED,Calcitriol,,,,,
UNMATCHED,Topiramate,,,,,
UNMATCHED,Citrate/Creatinine,,,,,
UNMATCHED,Basement membrane Ab.IgG,,,,,
UNMATCHED,Hepatitis B virus little e Ab,,,,,
UNMATCHED,Microalbumin/Creatinine ratio panel,,,,,
UNMATCHED,PhenX - urinary creatinine assay for kidney function protocol 141601,,,,,
UNMATCHED,Pappenheimer bodies,,,,,
UNMATCHED,Choriogonadotropin (pregnancy test),,,,,
UNMATCHED,Cryoglobulin/Serum.total,,,,,
UNMATCHED,Corticotropin^6th specimen post XXX challenge,,,,,
UNMATCHED,Prolactin,,,,,
UNMATCHED,Follitropin,,,,,
UNMATCHED,Testosterone,,,,,
UNMATCHED,Platelet aggregation.adenosine diphosphate induced,,,,,
UNMATCHED,Calprotectin,,,,,
UNMATCHED,Lutropin,,,,,
UNMATCHED,Insulin-like growth factor-I,,,,,
UNMATCHED,Spherocytes,,,,,
UNMATCHED,Calcium oxalate crystals,,,,,
UNMATCHED,Gastrin,,,,,
UNMATCHED,Antithrombin actual/Normal,,,,,
UNMATCHED,Cryofibrinogen,,,,,
UNMATCHED,cycloSPORINE,,,,,
UNMATCHED,Protein C actual/Normal,,,,,
UNMATCHED,Protein S.free Ag actual/Normal,,,,,
UNMATCHED,Sjogrens syndrome-B extractable nuclear Ab,,,,,
UNMATCHED,Beta 2 glycoprotein 1 Ab.IgG,,,,,
UNMATCHED,Somatotropin,,,,,
UNMATCHED,Thyroxine,,,,,
UNMATCHED,Helicobacter pylori Ag,,,,,
UNMATCHED,Neutrophil cytoplasmic Ab,,,,,
UNMATCHED,Complement C4,,,,,
UNMATCHED,Zinc,,,,,
UNMATCHED,Cardiolipin Ab.IgG,,,,,
UNMATCHED,Smith extractable nuclear Ab,,,,,
UNMATCHED,Mitochondria Ab,,,,,
UNMATCHED,Liver kidney microsomal Ab,,,,,
UNMATCHED,Chromogranin A,,,,,
UNMATCHED,Cardiolipin Ab.IgM,,,,,
UNMATCHED,Beta 2 glycoprotein 1 Ab.IgM,,,,,
UNMATCHED,Sjogrens syndrome-A extractable nuclear Ab,,,,,
UNMATCHED,Cardiolipin Ab.IgA,,,,,
UNMATCHED,Methylmalonate,,,,,
UNMATCHED,Blood group antibody investigation,,,,,
UNMATCHED,Thiamine,,,,,
UNMATCHED,Smith extractable nuclear Ab+Ribonucleoprotein extractable nuclear Ab,,,,,
UNMATCHED,Beta 2 glycoprotein 1 Ab.IgA,,,,,
UNMATCHED,Myoglobin,,,,,
UNMATCHED,Ej Ab,,,,,
UNMATCHED,Mi-2 Ab,,,,,
UNMATCHED,Neuronal nuclear type 1 Ab,,,,,
UNMATCHED,CV2 Ab.IgG,,,,,
UNMATCHED,Phenytoin,,,,,
UNMATCHED,Glial nuclear type 1 Ab,,,,,
UNMATCHED,Immunologist review,,,,,
UNMATCHED,PM-SCL extractable nuclear Ab,,,,,
UNMATCHED,Signal recognition particle Ab,,,,,
UNMATCHED,Jo-1 extractable nuclear Ab,,,,,
UNMATCHED,Fibrillarin Ab,,,,,
UNMATCHED,Ku Ab,,,,,
UNMATCHED,Pl-7 Ab,,,,,
UNMATCHED,Erythrocytes.dual population,,,,,
UNMATCHED,Coagulation surface induced.hexagonal phase phospholipid,,,,,
UNMATCHED,Coagulation surface induced.lupus sensitive,,,,,
UNMATCHED,Yeast.hyphae,,,,,
UNMATCHED,Lupus anticoagulant neutralization.dilute phospholipid,,,,,
UNMATCHED,Purkinje cell cytoplasmic type 2 Ab,,,,,
UNMATCHED,Purkinje cell cytoplasmic type Tr Ab,,,,,
UNMATCHED,Amphiphysin Ab,,,,,
UNMATCHED,Voltage-gated calcium channel PQ type binding Ab,,,,,
UNMATCHED,Acetylcholine receptor binding Ab,,,,,
UNMATCHED,Neuronal nuclear type 2 Ab,,,,,
UNMATCHED,Aldolase,,,,,
UNMATCHED,Sjogrens syndrome-A extractable nuclear Ab.IgG,,,,,
UNMATCHED,Pl-12 Ab,,,,,
UNMATCHED,Neuronal nuclear type 3 Ab,,,,,
UNMATCHED,Purkinje cell cytoplasmic type 1 Ab,,,,,
UNMATCHED,Striated muscle Ab,,,,,
UNMATCHED,Purkinje cells Ab,,,,,
UNMATCHED,Voltage-gated calcium channel N type binding Ab,,,,,
UNMATCHED,Phenytoin.free,,,,,
UNMATCHED,Acetylcholine receptor ganglionic neuronal Ab,,,,,
UNMATCHED,Glomerular filtration rate/1.73 sq M.predicted,,,,,
UNMATCHED,U2 small nuclear ribonucleoprotein Ab,,,,,
UNMATCHED,Phenytoin.free/Phenytoin.total,,,,,
UNMATCHED,Macrocytes.oval,,,,,
UNMATCHED,Beta-2 transferrin,,,,,
UNMATCHED,Brucella sp Ab,,,,,
UNMATCHED,Coxiella burnetii phase 1 Ab.IgG,,,,,
UNMATCHED,Cholesterol.in lipoprotein (little a),,,,,
UNMATCHED,Metanephrine/Creatinine,,,,,
UNMATCHED,Coxiella burnetii phase 2 Ab.IgG,,,,,
UNMATCHED,Normetanephrine,,,,,
UNMATCHED,Aldosterone,,,,,
UNMATCHED,Normetanephrine/Creatinine,,,,,
UNMATCHED,Cobalamins.unsaturated binding capacity,,,,,
UNMATCHED,"t(9;22)(q34.1;q11)(ABL1,BCR) fusion transcript/control transcript",,,,,
UNMATCHED,Methemoglobin/Hemoglobin.total,,,,,
UNMATCHED,Metanephrine & Normetanephrine,,,,,
UNMATCHED,Metanephrine,,,,,
UNMATCHED,Cystatin C,,,,,
UNMATCHED,OJ Ab,,,,,
UNMATCHED,JAK2 gene.p.Val617Phe mutant/normal,,,,,
UNMATCHED,"t(9;22)(q34.1;q11)(ABL1,BCR) fusion transcript",,,,,
UNMATCHED,Transitional cells,,,,,
UNMATCHED,Voltage-gated potassium channel Ab,,,,,
UNMATCHED,Triiodothyronine.free,,,,,
UNMATCHED,Lead,,,,,
UNMATCHED,Mercury,,,,,
UNMATCHED,F5 gene targeted mutation analysis,,,,,
UNMATCHED,Coagulation factor II circulating inhibitor,,,,,
UNMATCHED,Cryptococcus sp Ab,,,,,
UNMATCHED,Alpha tocopherol,,,,,
UNMATCHED,Normetanephrine.free,,,,,
UNMATCHED,F2 gene.c.20210G>A,,,,,
UNMATCHED,Thyrotropin receptor Ab,,,,,
UNMATCHED,Cancer Ag 125,,,,,
UNMATCHED,Path report.comments,,,,,
UNMATCHED,Vasopressin,,,,,
UNMATCHED,Phytonadione,,,,,
UNMATCHED,Proteinase 3 Ab,,,,,
UNMATCHED,Myeloperoxidase Ab,,,,,
UNMATCHED,Testosterone.free,,,,,
UNMATCHED,IgE,,,,,
UNMATCHED,Creatinine renal clearance,,,,,
UNMATCHED,Coagulation surface induced circulating inhibitor,,,,,
UNMATCHED,Mycophenolate glucuronide,,,,,
UNMATCHED,Alpha 1 antitrypsin,,,,,
UNMATCHED,Tryptase,,,,,
UNMATCHED,Latex Ab.IgE,,,,,
UNMATCHED,Renin,,,,,
UNMATCHED,Metanephrine.free,,,,,
UNMATCHED,Neutrophil cytoplasmic Ab.classic,,,,,
UNMATCHED,PHENobarbital,,,,,
UNMATCHED,Pyruvate,,,,,
UNMATCHED,Glucose CSF/Glucose plas,,,,,
UNMATCHED,Urate crystals,,,,,
UNMATCHED,Homocysteine,,,,,
UNMATCHED,Diagnostic impression,,,,,
UNMATCHED,Beta+gamma tocopherol,,,,,
UNMATCHED,Mycophenolate,,,,,
UNMATCHED,C peptide,,,,,
UNMATCHED,Immunoglobulin light chains.kappa,,,,,
UNMATCHED,Immunoglobulin light chains.lambda,,,,,
UNMATCHED,Islet cell 512 Ab,,,,,
UNMATCHED,Heparin.unfractionated,,,,,
UNMATCHED,CYP2C19 gene allele,,,,,
UNMATCHED,Hemoglobin D/Hemoglobin.total,,,,,
UNMATCHED,Epithelial cells.renal,,,,,
UNMATCHED,Hemoglobin A/Hemoglobin.total,,,,,
UNMATCHED,Hemoglobin C/Hemoglobin.total,,,,,
UNMATCHED,Hemoglobin S/Hemoglobin.total,,,,,
UNMATCHED,Pathologist interpretation,,,,,
UNMATCHED,Service comment,,,,,
UNMATCHED,Bartonella henselae Ab.IgG,,,,,
UNMATCHED,Hemoglobin A2/Hemoglobin.total,,,,,
UNMATCHED,Transferrin receptor.soluble,,,,,
UNMATCHED,HTLV I+II Ab band pattern,,,,,
UNMATCHED,Bartonella henselae Ab.IgM,,,,,
UNMATCHED,Hemoglobin H inclusion bodies,,,,,
UNMATCHED,Hepatitis B virus little e Ag,,,,,
UNMATCHED,Pyridoxine,,,,,
UNMATCHED,Retinol,,,,,
UNMATCHED,Retinyl palmitate,,,,,
UNMATCHED,Cannabinoids,,,,,
UNMATCHED,Blastomyces dermatitidis Ab,,,,,
UNMATCHED,Riboflavin,,,,,
UNMATCHED,Histoplasma capsulatum mycelial phase Ab,,,,,
UNMATCHED,Angiotensin converting enzyme,,,,,
UNMATCHED,Selenium,,,,,
UNMATCHED,IgG/Albumin,,,,,
UNMATCHED,Interleukin 2,,,,,
UNMATCHED,Protein fractions.oligoclonal bands,,,,,
UNMATCHED,IgG synthesis rate,,,,,
UNMATCHED,Histoplasma capsulatum yeast phase Ab,,,,,
UNMATCHED,Histoplasma capsulatum Ab,,,,,
UNMATCHED,IgG clearance/Albumin clearance,,,,,
UNMATCHED,Aspergillus fumigatus Ab.IgG,,,,,
UNMATCHED,Paraneoplastic Ab,,,,,
UNMATCHED,BRCA1+BRCA2 gene mutations tested for,,,,,
UNMATCHED,Cyclic citrullinated peptide Ab,,,,,
UNMATCHED,Rickettsia rickettsii Ab.IgG,,,,,
UNMATCHED,Rickettsia rickettsii Ab.IgM,,,,,
UNMATCHED,Parvovirus B19 DNA,,,,,
UNMATCHED,Albumin.CSF/Albumin.SerPl,,,,,
UNMATCHED,Lysozyme,,,,,
UNMATCHED,Creatine kinase.macromolecular.type 1/Creatine kinase.total,,,,,
UNMATCHED,Hemoglobin E/Hemoglobin.total,,,,,
UNMATCHED,Hemoglobin F/Hemoglobin.total,,,,,
UNMATCHED,Hemoglobin S,,,,,
UNMATCHED,Creatine kinase.BB/Creatine kinase.total,,,,,
UNMATCHED,Creatine kinase.macromolecular.type 2/Creatine kinase.total,,,,,
UNMATCHED,Creatine kinase.MM/Creatine kinase.total,,,,,
UNMATCHED,Creatine kinase.MB/Creatine kinase.total,,,,,
UNMATCHED,Cold agglutinin,,,,,
UNMATCHED,Parathyrin related protein,,,,,
UNMATCHED,Insulin,,,,,
UNMATCHED,Inhibin B,,,,,
UNMATCHED,SCL-70 extractable nuclear Ab,,,,,
UNMATCHED,Inhibin A,,,,,
UNMATCHED,Insulin human Ab,,,,,
UNMATCHED,Fructosamine,,,,,
UNMATCHED,Pancreatic islet cell Ab,,,,,
UNMATCHED,Histone Ab.IgG,,,,,
UNMATCHED,Tropheryma whippelii DNA,,,,,
UNMATCHED,Taenia solium larva Ab.IgG,,,,,
UNMATCHED,Intrinsic factor blocking Ab,,,,,
UNMATCHED,Aquaporin 4 water channel Ab.IgG,,,,,
UNMATCHED,Direct antiglobulin test.IgG specific reagent,,,,,
UNMATCHED,Extractable nuclear Ab,,,,,
UNMATCHED,Rouleaux,,,,,
UNMATCHED,DNAse B Ab.Streptococcal,,,,,
UNMATCHED,Bile acid,,,,,
UNMATCHED,Reticulocytes,,,,,
UNMATCHED,Streptolysin O Ab,,,,,
UNMATCHED,Lidocaine,,,,,
UNMATCHED,Cortisol^12 AM specimen,,,,,
UNMATCHED,Alkaline phosphatase isoenzymes,,,,,
UNMATCHED,Transfusion reaction,,,,,
UNMATCHED,Appearance^post transfusion reaction,,,,,
UNMATCHED,Direct antiglobulin test.complement C3d specific reagent,,,,,
UNMATCHED,Blood group antibody screen,,,,,
UNMATCHED,Methotrexate,,,,,
UNMATCHED,Alkaline phosphatase.bone,,,,,
UNMATCHED,Insulin-like growth factor binding protein 3,,,,,
UNMATCHED,Alkaline phosphatase.liver,,,,,
UNMATCHED,Dengue virus Ab.IgG,,,,,
UNMATCHED,Dengue virus Ab.IgM,,,,,
UNMATCHED,Borrelia burgdorferi Ab,,,,,
UNMATCHED,Cryoglobulin type,,,,,
UNMATCHED,Lactoferrin,,,,,
UNMATCHED,Estradiol,,,,,
UNMATCHED,Maximum clot firmness.extrinsic coagulation system activated.platelets inhibited,,,,,
UNMATCHED,Maximum clot firmness.extrinsic coagulation system activated,,,,,
UNMATCHED,Clot formation.extrinsic coagulation system activated,,,,,
UNMATCHED,Clot angle,,,,,
UNMATCHED,Clotting time.extrinsic coagulation system activated,,,,,
UNMATCHED,Maximum lysis.extrinsic coagulation system activated,,,,,
UNMATCHED,Cells.CD20/100 cells,,,,,
UNMATCHED,Centromere Ab.IgG,,,,,
UNMATCHED,Coxsackievirus B4 Ab,,,,,
UNMATCHED,Coxsackievirus B6 Ab,,,,,
UNMATCHED,Borrelia burgdorferi Ab.IgG & IgM,,,,,
UNMATCHED,Coxsackievirus B1 Ab,,,,,
UNMATCHED,Coxsackievirus A10 Ab,,,,,
UNMATCHED,Coxsackievirus A7 Ab,,,,,
UNMATCHED,Haemophilus influenzae B Ab.IgG,,,,,
UNMATCHED,Coxsackievirus B2 Ab,,,,,
UNMATCHED,Coxsackievirus A16 Ab,,,,,
UNMATCHED,Echovirus 11 Ab,,,,,
UNMATCHED,Echovirus 7 Ab,,,,,
UNMATCHED,Dehydroepiandrosterone sulfate,,,,,
UNMATCHED,Echovirus 4 Ab,,,,,
UNMATCHED,Echovirus 9 Ab,,,,,
UNMATCHED,Echovirus 30 Ab,,,,,
UNMATCHED,Coxsackievirus A4 Ab,,,,,
UNMATCHED,Coxsackievirus A9 Ab,,,,,
UNMATCHED,Complement C1 esterase inhibitor,,,,,
UNMATCHED,Borrelia burgdorferi Ab.IgM,,,,,
UNMATCHED,Coxsackievirus B5 Ab,,,,,
UNMATCHED,Complement C1q,,,,,
UNMATCHED,Muscle specific receptor tyrosine kinase Ab,,,,,
UNMATCHED,RNA polymerase III Ab,,,,,
UNMATCHED,Mumps virus Ab.IgM,,,,,
UNMATCHED,Acetylcholine receptor modulation Ab/Acetylcholine Ab.total,,,,,
UNMATCHED,Parainfluenza virus Ag,,,,,
UNMATCHED,Mumps virus Ab.IgG,,,,,
UNMATCHED,Clotting time^after addition of heparinase,,,,,
UNMATCHED,Clot angle^after addition of heparinase,,,,,
UNMATCHED,Maximum clot firmness^after addition of heparinase,,,,,
UNMATCHED,Tobramycin^peak,,,,,
UNMATCHED,Tobramycin^trough,,,,,
UNMATCHED,Clot formation^after addition of heparinase,,,,,
UNMATCHED,Mesothelial cells/100 leukocytes,,,,,
UNMATCHED,Triiodothyronine.reverse,,,,,
UNMATCHED,HLA-B27,,,,,
UNMATCHED,Sirolimus,,,,,
UNMATCHED,Coxsackievirus B3 Ab,,,,,
UNMATCHED,Coxsackievirus A2 Ab,,,,,
UNMATCHED,lamoTRIgine,,,,,
UNMATCHED,XXX microorganism Ag,,,,,
UNMATCHED,Norovirus Genogroup I RNA,,,,,
UNMATCHED,Protein S actual/Normal,,,,,
UNMATCHED,Vanillylmandelate/Creatinine,,,,,
UNMATCHED,Mycoplasma pneumoniae DNA,,,,,
UNMATCHED,Herpes simplex virus 1 Ab.IgM,,,,,
UNMATCHED,Lacosamide,,,,,
UNMATCHED,Lactate dehydrogenase 1/Lactate dehydrogenase.total,,,,,
UNMATCHED,TOLAZamide,,,,,
UNMATCHED,Nateglinide,,,,,
UNMATCHED,Proinsulin^post 12H CFst,,,,,
UNMATCHED,Lactate dehydrogenase 3/Lactate dehydrogenase.total,,,,,
UNMATCHED,TOLBUTamide,,,,,
UNMATCHED,Lactate dehydrogenase 2/Lactate dehydrogenase.total,,,,,
UNMATCHED,Lactate dehydrogenase 5/Lactate dehydrogenase.total,,,,,
UNMATCHED,Glimepiride,,,,,
UNMATCHED,chlorproPAMIDE,,,,,
UNMATCHED,Repaglinide,,,,,
UNMATCHED,glipiZIDE,,,,,
UNMATCHED,glyBURIDE,,,,,
UNMATCHED,Lactate dehydrogenase 4/Lactate dehydrogenase.total,,,,,
UNMATCHED,carBAMazepine,,,,,
UNMATCHED,acetoHEXAMIDE,,,,,
UNMATCHED,Herpes virus 6 Ab.IgM,,,,,
UNMATCHED,Rickettsia typhi Ab.IgG,,,,,
UNMATCHED,Gliadin Ab.IgG,,,,,
UNMATCHED,Rickettsia typhi Ab.IgM,,,,,
UNMATCHED,Chronic urticaria index,,,,,
UNMATCHED,Activated protein C resistance,,,,,
UNMATCHED,Erythropoietin,,,,,
UNMATCHED,Serotonin,,,,,
UNMATCHED,JC virus DNA,,,,,
UNMATCHED,Toxoplasma gondii DNA,,,,,
UNMATCHED,Norovirus Genogroup II RNA,,,,,
UNMATCHED,Rotavirus Ag,,,,,
UNMATCHED,Myelin basic protein,,,,,
UNMATCHED,Adenovirus Ag,,,,,
UNMATCHED,Microorganism or agent identified,,,,,
UNMATCHED,Fibrin+Fibrinogen fragments,,,,,
UNMATCHED,Cortisol.free,,,,,
UNMATCHED,Viscosity,,,,,
UNMATCHED,Cortisol.free/Creatinine,,,,,
UNMATCHED,Neutrophils.hypersegmented,,,,,
UNMATCHED,Tissue transglutaminase Ab.IgG,,,,,
UNMATCHED,Gliadin Ab.IgA,,,,,
UNMATCHED,Herpes virus 6 Ab.IgG,,,,,
UNMATCHED,Lymphocyte proliferation.phytohemagglutinin stimulation,,,,,
UNMATCHED,BK virus DNA,,,,,
UNMATCHED,Cortisol^8 PM specimen,,,,,
UNMATCHED,Human metapneumovirus Ag,,,,,
UNMATCHED,Neutrophils.hypogranulated,,,,,
UNMATCHED,Elastase.pancreatic,,,,,
UNMATCHED,Oxygen^^adjusted to patient's actual temperature,,,,,
UNMATCHED,Entamoeba histolytica Ab.IgG,,,,,
UNMATCHED,Mitochondria M2 Ab.IgG,,,,,
UNMATCHED,Reducing substances,,,,,
UNMATCHED,Carbon dioxide^^adjusted to patient's actual temperature,,,,,
UNMATCHED,Measles virus Ab.IgG,,,,,
UNMATCHED,Interleukin 6,,,,,
UNMATCHED,Fibrin D-dimer,,,,,
UNMATCHED,Platelet function.collagen+Epinephrine induced,,,,,
UNMATCHED,von Willebrand factor Ag actual/Normal,,,,,
UNMATCHED,Coagulation thrombin induced,,,,,
UNMATCHED,Herpes simplex virus 1+2 DNA,,,,,
UNMATCHED,Glucose^1H post dose glucose,,,,,
UNMATCHED,Fetal cell screen,,,,,
UNMATCHED,Clostridium difficile toxin genes,,,,,
UNMATCHED,Cryptosporidium sp Ag,,,,,
UNMATCHED,Cells.CD19,,,,,
UNMATCHED,Streptococcus pneumoniae 2 Ab.IgG,,,,,
UNMATCHED,Phenobarbital,,,,,
UNMATCHED,Asparagine,,,,,
UNMATCHED,Methionine,,,,,
UNMATCHED,Beta alanine,,,,,
UNMATCHED,Zinc/Creatinine,,,,,
UNMATCHED,Tryptophan/Creatinine,,,,,
UNMATCHED,Lysine/Creatinine,,,,,
UNMATCHED,Phenylalanine/Creatinine,,,,,
UNMATCHED,Serine/Creatinine,,,,,
UNMATCHED,Glycine/Creatinine,,,,,
UNMATCHED,Oxycodone,,,,,
UNMATCHED,Platelet factor 4 heparin complex induced Ab,,,,,
UNMATCHED,Glucose^post CFst,,,,,
UNMATCHED,Glucagon,,,,,
UNMATCHED,Coagulation factor XI activity actual/Normal,,,,,
UNMATCHED,Tramadol,,,,,
UNMATCHED,Salmonella sp Ab,,,,,
UNMATCHED,Fat/Solids.total,,,,,
UNMATCHED,Alpha aminobutyrate,,,,,
UNMATCHED,Hydroxyproline,,,,,
UNMATCHED,Beta aminoisobutyrate,,,,,
UNMATCHED,Gamma aminobutyrate,,,,,
UNMATCHED,Anserine/Creatinine,,,,,
UNMATCHED,Cystathionine/Creatinine,,,,,
UNMATCHED,Hydroxylysine/Creatinine,,,,,
UNMATCHED,Glutamate/Creatinine,,,,,
UNMATCHED,Cystine/Creatinine,,,,,
UNMATCHED,14-3-3 Ag,,,,,
UNMATCHED,Copper/Creatinine,,,,,
UNMATCHED,Respiratory syncytial virus Ag,,,,,
UNMATCHED,Platelet associated Ab.IgG,,,,,
UNMATCHED,Glucose^2H post dose glucose,,,,,
UNMATCHED,Aspartate,,,,,
UNMATCHED,Alloisoleucine,,,,,
UNMATCHED,Cystine,,,,,
UNMATCHED,Alpha aminoadipate/Creatinine,,,,,
UNMATCHED,Lead/Creatinine,,,,,
UNMATCHED,Threonine/Creatinine,,,,,
UNMATCHED,Arginine/Creatinine,,,,,
UNMATCHED,Homocitrulline,,,,,
UNMATCHED,Cells.CD19/100 cells,,,,,
UNMATCHED,Cells.CD16+CD56+/100 cells,,,,,
UNMATCHED,Cells.CD16+CD56+,,,,,
UNMATCHED,Streptococcus pneumoniae 1 Ab.IgG,,,,,
UNMATCHED,Streptococcus pneumoniae 4 Ab.IgG,,,,,
UNMATCHED,Streptococcus pneumoniae Danish serotype 9V Ab.IgG,,,,,
UNMATCHED,Streptococcus pneumoniae Danish serotype 33F Ab.IgG,,,,,
UNMATCHED,Levetiracetam,,,,,
UNMATCHED,Bordetella parapertussis DNA,,,,,
UNMATCHED,Platelet associated Ab.IgM,,,,,
UNMATCHED,Fentanyl,,,,,
UNMATCHED,Corynebacterium diphtheriae Ab.IgG,,,,,
UNMATCHED,Streptococcus pneumoniae Danish serotype 6B Ab.IgG,,,,,
UNMATCHED,Streptococcus pneumoniae Danish serotype 19A Ab.IgG,,,,,
UNMATCHED,Lymphocyte proliferation panel,,,,,
UNMATCHED,Cryoglobulin,,,,,
UNMATCHED,6-Thioguanine,,,,,
UNMATCHED,Streptococcus pneumoniae 8 Ab.IgG,,,,,
UNMATCHED,Streptococcus pneumoniae Danish serotype 15B Ab.IgG,,,,,
UNMATCHED,Fat,,,,,
UNMATCHED,Isoleucine,,,,,
UNMATCHED,Leucine,,,,,
UNMATCHED,Tryptophan,,,,,
UNMATCHED,Ethanolamine,,,,,
UNMATCHED,Beta aminoisobutyrate/Creatinine,,,,,
UNMATCHED,Methionine/Creatinine,,,,,
UNMATCHED,Proline/Creatinine,,,,,
UNMATCHED,Argininosuccinate,,,,,
UNMATCHED,Argininosuccinate/Creatinine,,,,,
UNMATCHED,Homocitrulline/Creatinine,,,,,
UNMATCHED,Cerebroside sulfatase,,,,,
UNMATCHED,C peptide^30M post dose glucose,,,,,
UNMATCHED,Streptococcus pneumoniae 3 Ab.IgG,,,,,
UNMATCHED,Streptococcus pneumoniae Danish serotype 18C Ab.IgG,,,,,
UNMATCHED,Streptococcus pneumoniae 20 Ab.IgG,,,,,
UNMATCHED,Amino acid pattern,,,,,
UNMATCHED,Ornithine,,,,,
UNMATCHED,Serine,,,,,
UNMATCHED,Cadmium,,,,,
UNMATCHED,Lactate/Pyruvate,,,,,
UNMATCHED,Anserine,,,,,
UNMATCHED,Hydroxylysine,,,,,
UNMATCHED,Ethanolamine/Creatinine,,,,,
UNMATCHED,Sarcosine/Creatinine,,,,,
UNMATCHED,Histidine/Creatinine,,,,,
UNMATCHED,Valine/Creatinine,,,,,
UNMATCHED,Cadmium/Creatinine,,,,,