sinai_med,mover_med,,,,,
Warfarin,WARFARIN SODIUM 2.5 MG OR TABS,,,,,
Warfarin,WARFARIN SODIUM 2 MG OR TABS,,,,,
Warfarin,WARFARIN SODIUM 5 MG OR TABS,,,,,
Warfarin,WARFARIN SODIUM 1 MG OR TABS,,,,,
Warfarin,WARFARIN SODIUM 10 MG OR TABS,,,,,
Warfarin,WARFARIN SODIUM 7.5 MG OR TABS,,,,,
Warfarin,WARFARIN 0.5 MG OR TAB (HALF TABLET),,,,,
Warfarin,WARFARIN 1.25 MG OR TAB (HALF TABLET),,,,,
Warfarin,WARFARIN PER PHARMACY - UCI,,,,,
Famotidine,FAMOTIDINE 20 MG OR TABS,,,,,
Famotidine,FAMOTIDINE 20 MG/2ML IV SOLN,,,,,
Famotidine,FAMOTIDINE 40 MG/5ML OR SUSR,,,,,
Famotidine,FAMOTIDINE (PF) 20 MG/2ML IV SOLN,,,,,
Famotidine,FAMOTIDINE IN NACL 20 MG/50ML IV SOLN,,,,,
Aspirin,ASPIRIN EC 81 MG OR TBEC,,,,,
Aspirin,ASPIRIN 81 MG OR CHEW,,,,,
Aspirin,ASPIRIN 300 MG RE SUPP,,,,,
Aspirin,ASPIRIN 325 MG OR TABS,,,,,
Aspirin,ASPIRIN EC 325 MG OR TBEC,,,,,
Aspirin,ASPIRIN 81 MG OR TABS,,,,,
Aspirin,ASPIRIN 600 MG RE SUPP,,,,,
Emtricitabine,EMTRICITABINE-TENOFOVIR 200-300 MG OR TABS,,,,,
Emtricitabine,EMTRICITABINE-TENOFOVIR AF 200-25 MG PO TABS,,,,,
Atenolol,ATENOLOL 25 MG OR TABS,,,,,
Atenolol,ATENOLOL 50 MG OR TABS,,,,,
Atenolol,ATENOLOL 12.5 MG OR TABS (HALF TABLET),,,,,
Etomidate,ETOMIDATE 2 MG/ML IV SOLN,,,,,
Hydralazine,HYDRALAZINE HCL 20 MG/ML IJ SOLN,,,,,
Hydralazine,HYDRALAZINE HCL 25 MG OR TABS,,,,,
Hydralazine,HYDRALAZINE HCL 50 MG OR TABS,,,,,
Hydralazine,HYDRALAZINE HCL 10 MG OR TABS,,,,,
Ketorolac,KETOROLAC TROMETHAMINE 30 MG/ML IJ SOLN,,,,,
Ketorolac,KETOROLAC TROMETHAMINE 15 MG/ML IJ SOLN,,,,,
Ketorolac,KETOROLAC TROMETHAMINE 60 MG/2ML IM SOLN,,,,,
Calcium chloride,CALCIUM CHLORIDE 10 % IV SOLN,,,,,
Calcium chloride,CALCIUM CHLORIDE IVPB <=2000 MG (UCI),,,,,
Calcium chloride,CALCIUM CHLORIDE IVPB <=4000 MG (UCI),,,,,
Hydromorphone,HYDROMORPHONE HCL 2 MG/ML IJ SOLN,,,,,
Hydromorphone,HYDROMORPHONE HCL 2 MG OR TABS,,,,,
Hydromorphone,HYDROMORPHONE HCL 1 MG/ML IJ SOLN,,,,,
Hydromorphone,HYDROMORPHONE HCL 4 MG OR TABS,,,,,
Hydromorphone,HYDROMORPHONE HCL PF 2 MG/ML IJ SOLN,,,,,
Hydromorphone,HYDROMORPHONE 0.5 MG/ML PREMIX PCA INFUSION - NAIVE (UCI),,,,,
Hydromorphone,HYDROMORPHONE 0.5 MG/ML PREMIX PCA INFUSION - HIGH DOSE (UCI),,,,,
Hydromorphone,HYDROMORPHONE 0.5 MG/ML NS PREMIX INFUSION (UCI),,,,,
Hydromorphone,HYDROMORPHONE DOSE FROM BAG (UCI),,,,,
Hydromorphone,HYDROMORPHONE 10 MCG/ML BUPIVACAINE 0.1% PAIN MANAGEMENT PCEA (UCI),,,,,
Iron,IRON SUCROSE IVPB 200 MG (UCI),,,,,
Iron,IRON SUCROSE 20 MG/ML IV SOLN,,,,,
Iron,IRON SUCROSE IVPB 300 MG (UCI),,,,,
Iron,IRON DEXTRAN IVPB (UCI),,,,,
Cefazolin,CEFAZOLIN IV PUSH 1 GM IN SWFI 10 ML,,,,,
Cefazolin,CEFAZOLIN IV PUSH 500 MG IN SWFI 10 ML,,,,,
Cefazolin,CEFAZOLIN IV PUSH 100 MG/ML IN SWFI,,,,,
Cefazolin,CEFAZOLIN IVPB 1 GM IN NS OR D5W,,,,,
Cefazolin,CEFAZOLIN SODIUM 1 GM IJ SOLR,,,,,
Cefazolin,CEFAZOLIN SODIUM-DEXTROSE 2-4 GM/100ML-% IV SOLN,,,,,
Cefazolin,CEFAZOLIN SODIUM-DEXTROSE 1-4 GM/50ML-% IV SOLN,,,,,
Morphine,MORPHINE SULFATE 4 MG/ML IJ SOLN,,,,,
Morphine,MORPHINE SULFATE 2 MG/ML IJ SOLN,,,,,
Morphine,MORPHINE SULFATE 10 MG/5ML OR SOLN,,,,,
Morphine,MORPHINE SULFATE 15 MG OR TABS,,,,,
Morphine,MORPHINE SULFATE ER 15 MG PO TBCR,,,,,
Morphine,MORPHINE SULFATE ER 30 MG PO TBCR,,,,,
Morphine,MORPHINE SULFATE 10 MG/ML IJ SOLN,,,,,
Morphine,MORPHINE SULFATE (PF) 0.5 MG/ML IJ SOLN,,,,,
Morphine,MORPHINE 1 MG/ML PREMIX PCA INFUSION - NAIVE (UCI),,,,,
Morphine,MORPHINE 1 MG/ML PREMIX PCA INFUSION - TOLERANT (UCI),,,,,
Morphine,MORPHINE 1 MG/ML NS PREMIX INFUSION (UCI),,,,,
Morphine,MORPHINE DOSE FROM BAG (UCI),,,,,
Morphine,MORPHINE 250 MG/50 ML NS INFUSION HIGH CONCENTRATION (UCI),,,,,
Morphine,MORPHINE 100 MG/100 ML PREMIX PCA INFUSION - NAIVE (UCI),,,,,
Morphine,MORPHINE 100 MG/100 ML PREMIX PCA INFUSION - TOLERANT (UCI),,,,,
Enoxaparin,ENOXAPARIN SODIUM 30 MG/0.3ML SC SOLN,,,,,
Enoxaparin,ENOXAPARIN SODIUM 40 MG/0.4ML SC SOLN,,,,,
Enoxaparin,ENOXAPARIN SODIUM 300 MG/3ML IJ SOLN,,,,,
Enoxaparin,ENOXAPARIN SODIUM 60 MG/0.6ML SC SOLN,,,,,
Enoxaparin,ENOXAPARIN SODIUM 80 MG/0.8ML SC SOLN,,,,,
Enoxaparin,ENOXAPARIN SODIUM 100 MG/ML SC SOLN,,,,,
Enoxaparin,ENOXAPARIN SODIUM 120 MG/0.8ML SC SOLN,,,,,
Enoxaparin,ENOXAPARIN SODIUM 150 MG/ML SC SOLN,,,,,
Ibuprofen,IBUPROFEN 600 MG OR TABS,,,,,
Ibuprofen,IBUPROFEN 200 MG OR TABS,,,,,
Ibuprofen,IBUPROFEN 800 MG OR TABS,,,,,
Ibuprofen,IBUPROFEN 100 MG/5ML OR SUSP,,,,,
Chlorhexidine,CHLORHEXIDINE GLUCONATE 4 % EX LIQD,,,,,
Chlorhexidine,CHLORHEXIDINE GLUCONATE 0.12 % MT SOLN,,,,,
Benzocaine,BENZOCAINE 20 % MT SOLN,,,,,
Benzocaine,BENZOCAINE-MENTHOL 20-0.5 % EX AERO,,,,,
Benzocaine,BENZOCAINE 20 % MT GEL,,,,,
Metronidazole,METRONIDAZOLE 500 MG OR TABS,,,,,
Metronidazole,METRONIDAZOLE IN NACL 500-0.79 MG/100ML-% IV SOLN,,,,,
Metronidazole,METRONIDAZOLE IN NACL 5-0.79 MG/ML-% IV SOLN,,,,,
Metronidazole,METRONIDAZOLE 50 MG/ML OR SUSP (COMPOUNDED),,,,,
Metronidazole,METRONIDAZOLE 500 MG/100ML IV SOLN,,,,,
Metronidazole,METRONIDAZOLE 0.75 % EX GEL,,,,,
Metronidazole,METRONIDAZOLE 1 % EX GEL,,,,,
Lorazepam,LORAZEPAM 0.5 MG OR TABS,,,,,
Lorazepam,LORAZEPAM 2 MG/ML IJ SOLN,,,,,
Lorazepam,LORAZEPAM 1 MG OR TABS,,,,,
Lorazepam,LORAZEPAM 2 MG OR TABS,,,,,
Lorazepam,LORAZEPAM 100 MG/100 ML NS PREMIX INFUSION (UCI),,,,,
Lorazepam,LORAZEPAM DOSE FROM BAG (UCI),,,,,
Lorazepam,LORAZEPAM 100 MG/ 100 ML INFUSION (UCI),,,,,
Gabapentin,GABAPENTIN 100 MG OR CAPS,,,,,
Gabapentin,GABAPENTIN 300 MG OR CAPS,,,,,
Gabapentin,GABAPENTIN 400 MG OR CAPS,,,,,
Gabapentin,GABAPENTIN 600 MG OR TABS,,,,,
Gabapentin,GABAPENTIN 250 MG/5ML OR SOLN,,,,,
Fentanyl,FENTANYL 50 MCG/ML PREMIX INFUSION (UCI),,,,,
Fentanyl,FENTANYL DOSE FROM BAG (UCI),,,,,
Fentanyl,FENTANYL CITRATE (PF) 100 MCG/2ML IJ SOLN,,,,,
Fentanyl,FENTANYL CITRATE (PF) 250 MCG/5ML IJ SOLN,,,,,
Fentanyl,FENTANYL CITRATE (PF) 1000 MCG/20ML IJ SOLN,,,,,
Fentanyl,FENTANYL 500 MCG/50 ML PREMIX INFUSION (UCI),,,,,
Fentanyl,FENTANYL 50 MCG/HR TD PT72,,,,,
Fentanyl,FENTANYL 12 (12.5) MCG/HR TD PT72,,,,,
Fentanyl,FENTANYL 25 MCG/HR TD PT72,,,,,
Fentanyl,FENTANYL 75 MCG/HR TD PT72,,,,,
Fentanyl,FENTANYL 100 MCG/HR TD PT72,,,,,
Fentanyl,fentaNYL 100 MCG/2ML injection  - ADS OVERRIDE,,,,,
Diazepam,DIAZEPAM 5 MG OR TABS,,,,,
Diazepam,DIAZEPAM 10 MG OR TABS,,,,,
Diazepam,DIAZEPAM 2 MG OR TABS,,,,,
Diazepam,DIAZEPAM 5 MG/ML IJ SOLN,,,,,
Diazepam,DIAZEPAM 20 MG RE GEL,,,,,
Prednisone,PREDNISONE 5 MG OR TABS,,,,,
Prednisone,PREDNISONE 10 MG OR TABS,,,,,
Prednisone,PREDNISONE 50 MG OR TABS,,,,,
Prednisone,PREDNISONE 1 MG OR TABS,,,,,
Prednisone,PREDNISONE 2.5 MG OR TABS,,,,,
Succinylcholine,SUCCINYLCHOLINE CHLORIDE 100 MG/5ML IV SOSY,,,,,
Succinylcholine,SUCCINYLCHOLINE CHLORIDE 20 MG/ML IJ SOLN,,,,,
Succinylcholine,SUCCINYLCHOLINE CHLORIDE 100 MG/ML IJ SOLN,,,,,
Insulin,INSULIN REGULAR INFUSION,,,,,
Insulin,INSULIN LISPRO (HUMAN) 100 UNIT/ML SC SOLN,,,,,
Insulin,INSULIN GLARGINE 100 UNIT/ML SC SOLN,,,,,
Insulin,INSULIN REGULAR HUMAN 100 UNIT/ML IJ SOLN,,,,,
Insulin,INSULIN REGULAR 100 UNITS/100 ML NS INFUSION (UCI),,,,,
Insulin,INSULIN DETEMIR 100 UNIT/ML SC SOPN,,,,,
Insulin,INSULIN ASPART 100 UNIT/ML SC SOPN,,,,,
Insulin,INSULIN REGULAR IV BOLUS FROM BAG,,,,,
Insulin,INSULIN ISOPHANE HUMAN 100 UNIT/ML SC SUSP,,,,,
Insulin,INSULIN ISOPHANE & REGULAR (70-30) 100 UNIT/ML SC SUSP,,,,,
Insulin,INSULIN LISPRO (HUMAN) 100 UNIT/ML SC SOLN (UCI),,,,,
Meropenem,MEROPENEM IV 500 MG (UCI),,,,,
Meropenem,MEROPENEM IV 1000 MG (UCI),,,,,
Meropenem,MEROPENEM IV 2000 MG (UCI),,,,,
Meropenem,MEROPENEM IVPB 500 MG (UCI),,,,,
Meropenem,MEROPENEM IVPB 1 GM (UCI),,,,,
Meropenem,MEROPENEM IVPB 2 GM (UCI),,,,,
Meropenem,MEROPENEM 500 MG IV SOLR,,,,,
Pantoprazole,PANTOPRAZOLE SODIUM 40 MG OR TBEC,,,,,
Pantoprazole,PANTOPRAZOLE SODIUM 20 MG OR TBEC,,,,,
Pantoprazole,PANTOPRAZOLE SODIUM 40 MG IV SOLR,,,,,
Pantoprazole,PANTOPRAZOLE IVPB (UCI),,,,,
Pantoprazole,PANTOPRAZOLE IV BOLUS 80 MG,,,,,
Pantoprazole,PANTOPRAZOLE 80 MG/100 ML INFUSION (UCI),,,,,
Pantoprazole,PANTOPRAZOLE SODIUM 40 MG OR TBEC,,,,,
Metoprolol,METOPROLOL TARTRATE 12.5 MG OR TABS (HALF TABLET),,,,,
Metoprolol,METOPROLOL TARTRATE 25 MG OR TABS,,,,,
Metoprolol,METOPROLOL TARTRATE 50 MG OR TABS,,,,,
Metoprolol,METOPROLOL TARTRATE 5 MG/5ML IV SOLN,,,,,
Metoprolol,METOPROLOL TARTRATE 6.25 MG OR TABS (QUARTER TABLET),,,,,
Metoprolol,METOPROLOL SUCCINATE 25 MG OR TB24,,,,,
Metoprolol,METOPROLOL SUCCINATE 100 MG OR TB24,,,,,
Metoprolol,METOPROLOL SUCCINATE 12.5 MG OR TB24 (HALF TABLET),,,,,
Potassium chloride,POTASSIUM CHLORIDE CRYS CR 20 MEQ OR TBCR,,,,,
Potassium chloride,POTASSIUM CHLORIDE 20 MEQ/15ML (10%) OR SOLN,,,,,
Potassium chloride,POTASSIUM CHLORIDE IVPB 40 MEQ IN 500 ML PERIPHERAL (UCI),,,,,
Potassium chloride,POTASSIUM CHLORIDE IVPB 20 MEQ IN 250 ML PERIPHERAL (UCI),,,,,
Potassium chloride,POTASSIUM CHLORIDE IVPB 30 MEQ IN 300 ML PERIPHERAL (UCI),,,,,
Potassium chloride,POTASSIUM CHLORIDE CR 10 MEQ OR TBCR,,,,,
Potassium chloride,POTASSIUM CHLORIDE 20 MEQ/100ML IV SOLN,,,,,
Potassium chloride,POTASSIUM CHLORIDE IVPB 40 MEQ (UCI) CENTRAL LINE,,,,,
Diltiazem,DILTIAZEM HCL 30 MG OR TABS,,,,,
Diltiazem,DILTIAZEM HCL 60 MG OR TABS,,,,,
Diltiazem,DILTIAZEM HCL 90 MG OR TABS,,,,,
Diltiazem,DILTIAZEM HCL 5 MG/ML IV SOLN,,,,,
Diltiazem,DILTIAZEM HCL 25 MG/5ML IV SOLN,,,,,
Diltiazem,DILTIAZEM 100 MG/100 ML INFUSION (UCI),,,,,
Diltiazem,DILTIAZEM HCL COATED BEADS 120 MG OR CP24,,,,,
Diltiazem,DILTIAZEM HCL COATED BEADS 180 MG OR CP24,,,,,
Diltiazem,DILTIAZEM HCL CR 90 MG OR CP12,,,,,
Verapamil,VERAPAMIL HCL 2.5 MG/ML IV SOLN,,,,,
Verapamil,VERAPAMIL HCL 40 MG OR TABS,,,,,
Verapamil,VERAPAMIL HCL CR 240 MG OR TBCR,,,,,
Verapamil,VERAPAMIL HCL CR 120 MG OR TBCR,,,,,
Amiodarone,AMIODARONE 150 MG/100 ML D5W IVPB (UCI),,,,,
Amiodarone,AMIODARONE 360 MG/250 ML D5W LOADING INFUSION (UCI),,,,,
Amiodarone,AMIODARONE 540 MG/250 ML D5W MAINTENANCE INFUSION (UCI),,,,,
Amiodarone,AMIODARONE HCL 200 MG OR TABS,,,,,
Amiodarone,AMIODARONE HCL 100 MG OR TABS,,,,,
Amiodarone,AMIODARONE HCL 150 MG/3ML IV SOLN,,,,,
Amiodarone,AMIODARONE INFUSION (ANESTHESIA) (UCI),,,,,
Amiodarone,AMIODARONE 540 MG/500 ML D5W MAINTENANCE INFUSION FOR PERIPHERAL LINE (UCI),,,,,
Aztreonam,AZTREONAM IV PUSH 2 GM IN SWFI 10 ML,,,,,
Aztreonam,AZTREONAM IV PUSH 1 GM IN SWFI 10 ML,,,,,
Aztreonam,AZTREONAM IV 1 GM,,,,,
Aztreonam,AZTREONAM IV PUSH 100 MG/ML IN SWFI,,,,,
Lisinopril,LISINOPRIL 20 MG OR TABS,,,,,
Lisinopril,LISINOPRIL-HYDROCHLOROTHIAZIDE 10-12.5 MG OR TABS,,,,,
Lisinopril,LISINOPRIL-HYDROCHLOROTHIAZIDE 20-12.5 MG OR TABS,,,,,
Lisinopril,LISINOPRIL-HYDROCHLOROTHIAZIDE 20-25 MG OR TABS,,,,,
Oxycodone; Acetaminophen,OXYCODONE-ACETAMINOPHEN 5-325 MG OR TABS,,,,,
Oxycodone; Acetaminophen,OXYCODONE-ACETAMINOPHEN 10-325 MG OR TABS,,,,,
Oxycodone; Acetaminophen,OXYCODONE HCL 5 MG OR TABS,,,,,
Dexmedetomidine,DEXMEDETOMIDINE 200 MCG/50 ML NS INFUSION (UCI),,,,,
Dexmedetomidine,DEXMEDETOMIDINE HCL 200 MCG/2ML IV SOLN,,,,,
Dexmedetomidine,DEXMEDETOMIDINE 400 MCG/100 ML NS INFUSION (UCI),,,,,
Dexmedetomidine,DEXMEDETOMIDINE 1000 MCG/250 ML NS INFUSION (UCI),,,,,
Dexmedetomidine,DEXMEDETOMIDINE HCL IN NACL 400 MCG/100ML IV SOLN,,,,,
Antithymocyte Globulin,ANTITHYMOCYTE GLOBULIN (RABBIT) IVPB (UCI),,,,,
Antithymocyte Globulin,ANTITHYMOCYTE GLOBULIN (RABBIT) IVPB IN 500 ML (UCI),,,,,
Antithymocyte Globulin,ANTITHYMOCYTE GLOBULIN (RABBIT) IVPB IN 150 M (UCI),,,,,
Antithymocyte Globulin,ANTI-THYMOCYTE GLOB (RABBIT) 25 MG IV SOLR,,,,,
Calcium gluconate,CALCIUM GLUCONATE 2 G IVPB (UCI),,,,,
Calcium gluconate,CALCIUM GLUCONATE 1 G IVPB (UCI),,,,,
Calcium gluconate,CALCIUM GLUCONATE 3 G IVPB (UCI),,,,,
Calcium gluconate,CALCIUM GLUCONATE 4 G IVPB (UCI),,,,,
Calcium gluconate,CALCIUM GLUCONATE 10 % IV SOLN,,,,,
Calcium gluconate,CALCIUM GLUCONATE 1G/100ML IV SOLN,,,,,
Calcium gluconate,CALCIUM GLUCONATE 2G/100 ML IV SOLN,,,,,
Serum Albumin; Colloid,ALBUMIN HUMAN 5 % IV SOLN,,,,,
Serum Albumin; Colloid,ALBUMIN HUMAN 25 % IV SOLN,,,,,
Serum Albumin; Colloid,ALBUMIN HUMAN 5 % IV SOLN BURN (UCI),,,,,
Serum Albumin; Colloid,ALBUMIN HUMAN 25 % IV SOLN (UCI),,,,,
Methylprednisolone,METHYLPREDNISOLONE IVPB 500 MG (UCI),,,,,
Methylprednisolone,METHYLPREDNISOLONE SODIUM SUCC 40 MG IJ SOLR,,,,,
Methylprednisolone,METHYLPREDNISOLONE SODIUM SUCC 125 MG IJ SOLR,,,,,
Methylprednisolone,METHYLPREDNISOLONE IVPB 1000 MG (UCI),,,,,
Methylprednisolone,METHYLPREDNISOLONE 4 MG OR TABS,,,,,
Methylprednisolone,METHYLPREDNISOLONE 32 MG OR TABS,,,,,
Methylprednisolone,METHYLPREDNISOLONE ACETATE 40 MG/ML IJ SUSP,,,,,
Methylprednisolone,METHYLPREDNISOLONE ACETATE 80 MG/ML IJ SUSP,,,,,
Isosorbide Dinitrate,ISOSORBIDE DINITRATE 5 MG OR TABS,,,,,
Isosorbide Dinitrate,ISOSORBIDE DINITRATE 20 MG OR TABS,,,,,
Albuterol,ALBUTEROL SULFATE 108 (90 BASE) MCG/ACT IN AERS,,,,,
Albuterol,ALBUTEROL SULFATE (2.5 MG/3ML) 0.083% IN NEBU,,,,,
Albuterol,ALBUTEROL SULFATE (5 MG/ML) 0.5% IN NEBU,,,,,
Albuterol,IPRATROPIUM-ALBUTEROL 0.5-2.5 (3) MG/3ML IN SOLN,,,,,
Albuterol,IPRATROPIUM-ALBUTEROL 20-100 MCG/ACT IN AERS,,,,,
Diphenhydramine,DIPHENHYDRAMINE HCL 25 MG OR TABS OR CAPS,,,,,
Diphenhydramine,DIPHENHYDRAMINE HCL 50 MG/ML IJ SOLN,,,,,
Diphenhydramine,DIPHENHYDRAMINE HCL 12.5 MG/5ML OR ELIX,,,,,
Diphenhydramine,DIPHENHYDRAMINE HCL 12.5 MG/5ML OR LIQD,,,,,
Diphenhydramine,DIPHENHYDRAMINE IVPB (UCI),,,,,
Scopolamine,SCOPOLAMINE 1 MG/3DAYS TD PT72,,,,,
Nifedipine,NIFEDIPINE 30 MG OR TB24,,,,,
Nifedipine,NIFEDIPINE 90 MG OR TB24,,,,,
Nifedipine,NIFEDIPINE 10 MG OR CAPS,,,,,
Nifedipine,NIFEDIPINE 20 MG OR CAPS,,,,,
Nifedipine,NIFEDIPINE CR OSMOTIC 30 MG OR TB24,,,,,
Nifedipine,NIFEDIPINE CR OSMOTIC 90 MG OR TB24,,,,,
Hydroxyzine,HYDROXYZINE HCL 25 MG OR TABS,,,,,
Hydroxyzine,HYDROXYZINE HCL 10 MG OR TABS,,,,,
Hydroxyzine,HYDROXYZINE HCL 10 MG/5ML OR SYRP,,,,,
Hydroxyzine,HYDROXYZINE HCL 25 MG/ML IM SOLN,,,,,
Cyclobenzaprine,CYCLOBENZAPRINE HCL 5 MG OR TABS,,,,,
Cyclobenzaprine,CYCLOBENZAPRINE HCL 10 MG OR TABS,,,,,
Carvedilol,CARVEDILOL 3.125 MG OR TABS,,,,,
Carvedilol,CARVEDILOL 12.5 MG OR TABS,,,,,
Carvedilol,CARVEDILOL 1.5625 MG OR TABS (HALF TABLET),,,,,
Carvedilol,CARVEDILOL PHOSPHATE 20 MG OR CP24,,,,,
Rocuronium,ROCURONIUM BROMIDE 50 MG/5ML IV SOSY,,,,,
Rocuronium,ROCURONIUM BROMIDE 50 MG/5ML IV SOLN,,,,,
Rocuronium,ROCURONIUM BROMIDE 100 MG/10ML IV SOLN,,,,,
Oxycodone,OXYCODONE HCL 5 MG OR TABS,,,,,
Oxycodone,OXYCODONE HCL 15 MG OR TABS,,,,,
Oxycodone,OXYCODONE HCL 5 MG/5ML OR SOLN,,,,,
Oxycodone,OXYCODONE HCL ER 20 MG PO T12A,,,,,
Oxycodone,OXYCODONE HCL ER 10 MG PO T12A,,,,,
Oxycodone,OXYCODONE HCL ER 40 MG PO T12A,,,,,
Octreotide,OCTREOTIDE ACETATE 100 MCG/ML IJ SOLN,,,,,
Octreotide,OCTREOTIDE ACETATE 50 MCG/ML IJ SOLN,,,,,
Octreotide,OCTREOTIDE ACETATE 500 MCG/ML IJ SOLN,,,,,
Octreotide,OCTREOTIDE ACETATE 1000 MCG/ML IJ SOLN,,,,,
Octreotide,OCTREOTIDE ACETATE 20 MG IM KIT,,,,,
Octreotide,OCTREOTIDE IN NS INFUSION (VARIABLE CONCENTRATION) (UCI),,,,,
Octreotide,OCTREOTIDE LOADING DOSE FROM BAG,,,,,
Octreotide,OCTREOTIDE IVPB (UCI),,,,,
Lidocaine,LIDOCAINE HCL (PF) 1 % IJ SOLN,,,,,
Lidocaine,LIDOCAINE HCL 1 % IJ SOLN,,,,,
Lidocaine,LIDOCAINE HCL 2 % IJ SOLN,,,,,
Lidocaine,LIDOCAINE HCL 4 % EX SOLN,,,,,
Lidocaine,LIDOCAINE 5 % EX PTCH,,,,,
Lidocaine,LIDOCAINE HCL 2 % EX GEL,,,,,
Lidocaine,LIDOCAINE VISCOUS 2 % MT SOLN,,,,,
Lidocaine,LIDOCAINE HCL 4 % MT SOLN,,,,,
Lidocaine,LIDOCAINE HCL (PF) 2 % IJ SOLN,,,,,
Lidocaine,LIDOCAINE HCL (PF) 4 % IJ SOLN,,,,,
Lidocaine,LIDOCAINE IN NS 100 ML (UCI),,,,,
Lidocaine,LIDOCAINE 1 G/250 ML NS INFUSION (UCI),,,,,
Lidocaine,LIDOCAINE 2 G/250 ML INFUSION (UCI),,,,,
Losartan,LOSARTAN POTASSIUM 50 MG OR TABS,,,,,
Losartan,LOSARTAN POTASSIUM 25 MG OR TABS,,,,,
Losartan,LOSARTAN POTASSIUM 12.5 MG OR TABS (HALF TABLET),,,,,
Losartan,LOSARTAN POTASSIUM-HCTZ 50-12.5 MG OR TABS,,,,,
Azithromycin,AZITHROMYCIN IVPB 500 MG,,,,,
Azithromycin,AZITHROMYCIN 500 MG IN 250 ML NS ADDEASE IVPB (UCI),,,,,
Azithromycin,AZITHROMYCIN 250 MG OR TABS,,,,,
Azithromycin,AZITHROMYCIN 200 MG/5ML OR SUSR,,,,,
Azithromycin,AZITHROMYCIN 600 MG OR TABS,,,,,
Azithromycin,AZITHROMYCIN IVPB 250 MG (UCI),,,,,
Azithromycin,AZITHROMYCIN IVPB 500 MG (UCI),,,,,
Folic acid,FOLIC ACID 1 MG OR TABS,,,,,
Folic acid,FOLIC ACID 5 MG/ML IJ SOLN,,,,,
Folic acid,FOLIC ACID 400 MCG OR TABS,,,,,
Folic acid,FOLIC ACID 200 MCG/ML ORAL SOLN (UCI COMPOUNDED),,,,,
Folic acid,FOLIC ACID IVPB (UCI),,,,,
Atropine,ATROPINE SULFATE 1 MG/10ML IJ SOSY,,,,,
Atropine,ATROPINE SULFATE 1 % OP SOLN,,,,,
Atropine,ATROPINE SULFATE 0.4 MG/ML IJ SOLN,,,,,
Vancomycin,VANCOMYCIN IVPB (VARIABLE DOSES IN 250 ML) - 1250 MG (UCI),,,,,
Vancomycin,VANCOMYCIN HCL IN NACL 750-0.9 MG/150ML-% IV SOLN,,,,,
Vancomycin,VANCOMYCIN IVPB 1 GM (UCI),,,,,
Vancomycin,VANCOMYCIN HCL 500 MG IV SOLR,,,,,
Vancomycin,VANCOMYCIN HCL 1 GM IV SOLR,,,,,
Vancomycin,VANCOMYCIN IVPB (VARIABLE DOSES IN 100 ML),,,,,
Vancomycin,VANCOMYCIN IVPB (VARIABLE DOSES IN 300 ML) (UCI),,,,,
Vancomycin,VANCOMYCIN IVPB 1000 MG IN 100 ML NS - NEUROSURGERY (UCI),,,,,
Vancomycin,VANCOMYCIN 25 MG/ML OPHTHALMIC SOLN (COMPOUNDED),,,,,
Vancomycin,VANCOMYCIN 50 MG/ML OPHTHALMIC SOLN (COMPOUNDED),,,,,
Vancomycin,VANCOMYCIN 50 MG/ML ORAL SOLN (COMPOUNDED),,,,,
Vancomycin,VANCOMYCIN PER PHARMACY (UCI),,,,,
Vancomycin,VANCOMYCIN 1000 MG IN 250 ML NS ADDEASE IVPB (UCI),,,,,
Vancomycin,VANCOMYCIN 1000 MG IN 250 ML NS ADDEASE IVPB (UCI),,,,,
Glucose,DEXTROSE 50 % IV SOLN,,,,,
Glucose,DEXTROSE 5 % IV SOLN,,,,,
Glucose,DEXTROSE 10 % IV SOLN,,,,,
Glucose,DEXTROSE 20 % IV SOLN,,,,,
Glucose,DEXTROSE-NACL 5-0.9 % IV SOLN,,,,,
Glucose,DEXTROSE-NACL 5-0.45 % IV SOLN,,,,,
Glucose,DEXTROSE 50% INFUSION,,,,,
Glucose,DEXTROSE IN LACTATED RINGERS 5 % IV SOLN,,,,,
Glucose,DEXTROSE 10% + SODIUM CHLORIDE 0.9% + ADDITIVES (UCI),,,,,
Methadone,METHADONE HCL 5 MG OR TABS,,,,,
Methadone,METHADONE HCL 10 MG OR TABS,,,,,
Methadone,METHADONE HCL 10 MG/5ML OR SOLN,,,,,
Methadone,METHADONE HCL 10 MG/ML IJ SOLN (UCI),,,,,
Magnesium hydroxide,MAGNESIUM HYDROXIDE 400 MG/5ML OR SUSP,,,,,
Magnesium hydroxide,ALUM & MAG HYDROXIDE-SIMETH 400-400-40 MG/5ML OR SUSP,,,,,
Magnesium hydroxide,ALUM & MAG HYDROXIDE-SIMETH 200-200-20 MG/5ML OR SUSP,,,,,
Fluticasone,FLUTICASONE PROPIONATE 50 MCG/ACT NA SUSP,,,,,
Fluticasone,FLUTICASONE PROPIONATE HFA 110 MCG/ACT IN AERO,,,,,
Fluticasone,FLUTICASONE PROPIONATE HFA 220 MCG/ACT IN AERO,,,,,
Fluticasone,FLUTICASONE PROPIONATE HFA 44 MCG/ACT IN AERO,,,,,
Fluticasone,FLUTICASONE-SALMETEROL 500-50 MCG/DOSE IN MISC,,,,,
Fluticasone,FLUTICASONE-SALMETEROL 250-50 MCG/DOSE IN MISC,,,,,
Fluticasone,FLUTICASONE-SALMETEROL 100-50 MCG/DOSE IN MISC,,,,,
Ipratropium,IPRATROPIUM BROMIDE HFA 17 MCG/ACT IN AERS,,,,,
Ipratropium,IPRATROPIUM BROMIDE 0.02 % IN SOLN,,,,,
Ipratropium,IPRATROPIUM-ALBUTEROL 0.5-2.5 (3) MG/3ML IN SOLN,,,,,
Ipratropium,IPRATROPIUM-ALBUTEROL 20-100 MCG/ACT IN AERS,,,,,
Dapsone,DAPSONE 100 MG OR TABS,,,,,
Polyethylene glycol,POLYETHYLENE GLYCOL 3350 OR PACK,,,,,
Polyethylene glycol,POLYETHYLENE GLYCOL 3350 OR POWD,,,,,
Cefuroxime,CEFUROXIME IV PUSH 1500 MG IN SWFI 20 ML,,,,,
Cefuroxime,CEFUROXIME AXETIL 250 MG OR TABS,,,,,
Cefuroxime,CEFUROXIME IV PUSH 1500 MG IN SWFI 20 ML (ANESTHESIA)(UCI),,,,,
Dobutamine,DOBUTAMINE IN D5W 4-5 MG/ML-% IV SOLN,,,,,
Dobutamine,DOBUTAMINE 500 MG/250 ML D5W PREMIX INFUSION (UCI),,,,,
Dobutamine,DOBUTAMINE 500 MG/250 ML NS INFUSION (UCI),,,,,
Dobutamine,DOBUTAMINE 1000 MG/250 ML VARIABLE BASE INFUSION (UCI),,,,,
Dobutamine,DOBUTAMINE IN D5W 1 MG/ML IV SOLN,,,,,
Glycopyrrolate,GLYCOPYRROLATE 1 MG/5ML IV SOSY,,,,,
Glycopyrrolate,GLYCOPYRROLATE 0.2 MG/ML IJ SOLN,,,,,
Glycopyrrolate,GLYCOPYRROLATE 1 MG/5ML IJ SOLN,,,,,
Glycopyrrolate,GLYCOPYRROLATE 1 MG OR TABS,,,,,
Lidocaine; Epinephrine,LIDOCAINE-EPINEPHRINE 1.5 %-1:200000 IJ SOLN,,,,,
Lidocaine; Epinephrine,LIDOCAINE-EPINEPHRINE 1 %-1:100000 IJ SOLN,,,,,
Lidocaine; Epinephrine,LIDOCAINE-EPINEPHRINE 2 %-1:100000 IJ SOLN,,,,,
Lidocaine; Epinephrine,LIDOCAINE-EPINEPHRINE 2 %-1:200000 IJ SOLN,,,,,
Lidocaine; Epinephrine,LIDOCAINE-EPINEPHRINE 0.5 %-1:200000 IJ SOLN,,,,,
Clopidogrel,CLOPIDOGREL BISULFATE 300 MG OR TABS,,,,,
Clopidogrel,CLOPIDOGREL BISULFATE 75 MG OR TABS,,,,,
Perflutren,PERFLUTREN LIPID MICROSPHERE 1.1 MG/ML IV SUSP,,,,,
Iopamidol,IOPAMIDOL 76 % IV SOLN,,,,,
Iopamidol,IOPAMIDOL 61 % IV SOLN,,,,,
Ceftriaxone,CEFTRIAXONE IV 1 GM IN SWFI,,,,,
Ceftriaxone,CEFTRIAXONE IV 2 GM IN SWFI (UCI),,,,,
Ceftriaxone,CEFTRIAXONE SODIUM 1 GM IJ SOLR,,,,,
Ceftriaxone,CEFTRIAXONE SODIUM 2 GM IJ SOLR,,,,,
Ceftriaxone,CEFTRIAXONE SODIUM 250 MG IJ SOLR,,,,,
Ceftriaxone,CEFTRIAXONE IVPB 1 GM IN NS (UCI),,,,,
Ceftriaxone,CEFTRIAXONE IVPB 2 GM IN NS (UCI),,,,,
Ceftriaxone,CEFTRIAXONE IVPB 1 GM IN D5W (UCI),,,,,
Ceftriaxone,CEFTRIAXONE IVPB 2 GM IN D5W (UCI),,,,,
Cisatracurium,CISATRACURIUM BESYLATE 20 MG/10ML IV SOLN,,,,,
Cisatracurium,CISATRACURIUM 100 MG/100 ML NS INFUSION (UCI),,,,,
Cisatracurium,CISATRACURIUM BESYLATE (PF) 200 MG/20ML IV SOLN,,,,,
Cisatracurium,CISATRACURIUM INFUSION,,,,,
Furosemide,FUROSEMIDE 10 MG/ML IJ SOLN,,,,,
Furosemide,FUROSEMIDE 40 MG OR TABS,,,,,
Furosemide,FUROSEMIDE 20 MG OR TABS,,,,,
Furosemide,FUROSEMIDE 10 MG OR TABS (HALF TABLET),,,,,
Furosemide,FUROSEMIDE IVPB 80 MG (UCI),,,,,
Furosemide,FUROSEMIDE IVPB 40 MG (UCI),,,,,
Furosemide,FUROSEMIDE IN D5W INFUSION (VARIABLE CONCENTRATION) (UCI),,,,,
Furosemide,FUROSEMIDE IVPB 120 MG (UCI),,,,,
Furosemide,FUROSEMIDE 10 MG/ML OR SOLN,,,,,
Quetiapine,QUETIAPINE FUMARATE 50 MG OR TABS,,,,,
Quetiapine,QUETIAPINE FUMARATE 300 MG OR TABS,,,,,
Quetiapine,QUETIAPINE FUMARATE 200 MG OR TABS,,,,,
Quetiapine,QUETIAPINE FUMARATE 25 MG OR TABS,,,,,
Quetiapine,QUETIAPINE FUMARATE 12.5 MG OR TABS (HALF TABLET),,,,,
Quetiapine,QUETIAPINE FUMARATE 400 MG OR TB24,,,,,
Quetiapine,QUETIAPINE FUMARATE ER 50 MG PO TB24,,,,,
Quetiapine,QUETIAPINE FUMARATE 300 MG OR TB24,,,,,
Quetiapine,QUETIAPINE FUMARATE 200 MG OR TB24,,,,,
Docusate,DOCUSATE SODIUM 100 MG OR CAPS,,,,,
Docusate,DOCUSATE SODIUM 150 MG/15ML OR LIQD,,,,,
Docusate,DOCUSATE SODIUM 250 MG OR CAPS,,,,,
Docusate,DOCUSATE SODIUM 50 MG/5ML OR LIQD,,,,,
Docusate,DOCUSATE SODIUM 283 MG RE ENEM,,,,,
Enalapril,ENALAPRILAT 1.25 MG/ML IV INJ,,,,,
Labetalol,LABETALOL HCL 5 MG/ML IV SOLN,,,,,
Labetalol,LABETALOL HCL 100 MG OR TABS,,,,,
Labetalol,LABETALOL HCL 200 MG OR TABS,,,,,
Labetalol,LABETALOL 250 MG/250 ML D5W INFUSION (UCI),,,,,
Labetalol,LABETALOL 500 MG/500 ML D5W INFUSION (UCI),,,,,
Tizanidine,TIZANIDINE HCL 2 MG OR TABS,,,,,
Tizanidine,TIZANIDINE HCL 4 MG OR TABS,,,,,
Isosorbide mononitrate,ISOSORBIDE MONONITRATE CR 60 MG OR TB24,,,,,
Isosorbide mononitrate,ISOSORBIDE MONONITRATE CR 30 MG OR TB24,,,,,
Isosorbide mononitrate,ISOSORBIDE MONONITRATE 20 MG OR TABS,,,,,
Isosorbide mononitrate,ISOSORBIDE MONONITRATE 10 MG OR TABS,,,,,
Erythromycin,ERYTHROMYCIN BASE 500 MG OR TABS,,,,,
Erythromycin,ERYTHROMYCIN BASE 250 MG OR TABS,,,,,
Erythromycin,ERYTHROMYCIN 5 MG/GM OP OINT,,,,,
Erythromycin,ERYTHROMYCIN ETHYLSUCCINATE 200 MG/5ML OR SUSR,,,,,
Erythromycin,ERYTHROMYCIN NEONATAL 5 MG/ML INJECTION (UCI),,,,,
Levetiracetam,LEVETIRACETAM 500 MG OR TABS,,,,,
Levetiracetam,LEVETIRACETAM 250 MG OR TABS,,,,,
Levetiracetam,LEVETIRACETAM IN NACL 1500 MG/100ML IV SOLN,,,,,
Levetiracetam,LEVETIRACETAM IN NACL 500 MG/100ML IV SOLN,,,,,
Levetiracetam,LEVETIRACETAM 500 MG/5ML IV SOLN,,,,,
Levetiracetam,LEVETIRACETAM IVPB (UCI),,,,,
Levetiracetam,LEVETIRACETAM 100 MG/ML OR SOLN,,,,,
Levetiracetam,LEVETIRACETAM ER 750 MG PO TB24,,,,,
Levetiracetam,LEVETIRACETAM 2G IN 250 ML IVPB (UCI),,,,,
Levetiracetam,LEVETIRACETAM IVPB 500 MG VIAL TO BAG (UCI),,,,,
Cefepime,CEFEPIME IVPB 2 GM (UCI),,,,,
Cefepime,CEFEPIME IVPB 1 GM (UCI),,,,,
Cefepime,CEFEPIME HCL 1 GM IJ SOLR,,,,,
Cefepime,CEFEPIME HCL 2 GM IJ SOLR,,,,,
Cefepime,CEFEPIME IV 2 GM,,,,,
Cefepime,CEFEPIME IV 1 GM,,,,,
Cefepime,CEFEPIME IV 2 GM IN SWFI,,,,,
Cefepime,CEFEPIME IV 1 GM IN SWFI,,,,,
Cefepime,CEFEPIME IV 100 MG/ML,,,,,
Cefepime,CEFEPIME IVPB (VARIABLE DOSE),,,,,
Levofloxacin,LEVOFLOXACIN IN D5W 500 MG/100ML IV SOLN,,,,,
Levofloxacin,LEVOFLOXACIN IN D5W 750 MG/150ML IV SOLN,,,,,
Levofloxacin,LEVOFLOXACIN IN D5W 250 MG/50ML IV SOLN,,,,,
Levofloxacin,LEVOFLOXACIN 500 MG OR TABS,,,,,
Levofloxacin,LEVOFLOXACIN 250 MG OR TABS,,,,,
Acetaminophen; Butalbital; Caffeine,ACETAMINOPHEN-CAFFEINE 500-65 MG OR TABS,,,,,
Sennosides,SENNOSIDES 8.6 MG OR TABS,,,,,
Sennosides,SENNOSIDES-DOCUSATE SODIUM 8.6-50 MG OR TABS,,,,,
Sennosides,SENNA 8.6 MG OR TABS,,,,,
Digoxin,DIGOXIN 0.25 MG/ML IJ SOLN,,,,,
Digoxin,DIGOXIN 0.05 MG/ML OR SOLN,,,,,
Digoxin,DIGOXIN 0.125 MG OR TABS,,,,,
Digoxin,DIGOXIN 0.25 MG OR TABS,,,,,
Digoxin,DIGOXIN 0.1 MG/ML IJ SOLN,,,,,
Timolol,TIMOLOL MALEATE 0.5 % OP SOLN,,,,,
Timolol,TIMOLOL MALEATE 0.25 % OP SOLN,,,,,
Triamcinolone,TRIAMCINOLONE ACETONIDE 0.1 % EX OINT,,,,,
Triamcinolone,TRIAMCINOLONE ACETONIDE 0.1 % EX CREA,,,,,
Triamcinolone,TRIAMCINOLONE ACETONIDE 40 MG/ML IJ SUSP,,,,,
Triamcinolone,TRIAMCINOLONE ACETONIDE 0.025 % EX OINT,,,,,
Triamcinolone,TRIAMCINOLONE ACETONIDE 0.1 % MT PSTE,,,,,
Phenytoin,PHENYTOIN SODIUM 50 MG/ML IJ SOLN,,,,,
Phenytoin,PHENYTOIN IVPB (UCI),,,,,
Phenytoin,PHENYTOIN IVPB (LOADING DOSE),,,,,
Phenytoin,PHENYTOIN 125 MG/5ML OR SUSP,,,,,
Phenytoin,PHENYTOIN 50 MG OR CHEW,,,,,
Phenytoin,PHENYTOIN SODIUM EXTENDED 100 MG OR CAPS,,,,,
Phenytoin,PHENYTOIN SODIUM EXTENDED 30 MG OR CAPS,,,,,
Sodium Bicarbonate,SODIUM BICARBONATE 325 MG OR TABS,,,,,
Sodium Bicarbonate,SODIUM BICARBONATE 650 MG OR TABS,,,,,
Sodium Bicarbonate,SODIUM BICARBONATE 8.4 % IV SOLN,,,,,
Sodium Bicarbonate,SODIUM BICARBONATE 4.2 % IV SOLN,,,,,
Sodium Bicarbonate,SODIUM BICARBONATE 150 MEQ/1000 ML INFUSION (UCI),,,,,
Sodium Bicarbonate,SODIUM BICARBONATE IVPB (UCI),,,,,
Sodium Bicarbonate,SODIUM BICARBONATE INFUSION (UCI),,,,,
Meclizine,MECLIZINE HCL 12.5 MG OR TABS,,,,,
Tramadol,TRAMADOL HCL 50 MG OR TABS,,,,,
Sulfamethoxazole,SULFAMETHOXAZOLE-TRIMETHOPRIM 800-160 MG OR TABS,,,,,
Sulfamethoxazole,SULFAMETHOXAZOLE-TRIMETHOPRIM 400-80 MG OR TABS,,,,,
Sulfamethoxazole,SULFAMETHOXAZOLE-TRIMETHOPRIM 200-40 MG/5ML OR SUSP,,,,,
Sulfamethoxazole,SULFAMETHOXAZOLE-TRIMETHOPRIM (IN D5W 500 ML) IVPB (UCI),,,,,
Sulfamethoxazole,SULFAMETHOXAZOLE-TRIMETHOPRIM (IN D5W 250 ML) IVPB (UCI),,,,,
Ampicillin; Sulbactam,AMPICILLIN-SULBACTAM IVPB 1.5 GM (UCI),,,,,
Ampicillin; Sulbactam,AMPICILLIN-SULBACTAM IVPB 3 GM (UCI),,,,,
Ampicillin; Sulbactam,AMPICILLIN-SULBACTAM SODIUM 3 (2-1) GM IJ SOLR,,,,,
Ampicillin; Sulbactam,AMPICILLIN-SULBACTAM IVPB (VARIABLE DOSE) (UCI),,,,,
Mannitol,MANNITOL 20 % IV SOLN,,,,,
Mannitol,MANNITOL 25 % IV SOLN,,,,,
Fluconazole,FLUCONAZOLE IN SODIUM CHLORIDE 400-0.9 MG/200ML-% IV SOLN,,,,,
Fluconazole,FLUCONAZOLE IN SODIUM CHLORIDE 200-0.9 MG/100ML-% IV SOLN,,,,,
Fluconazole,FLUCONAZOLE 200 MG OR TABS,,,,,
Fluconazole,FLUCONAZOLE 150 MG OR TABS,,,,,
Fluconazole,FLUCONAZOLE 100 MG OR TABS,,,,,
Fluconazole,FLUCONAZOLE 40 MG/ML OR SUSR,,,,,
Fluconazole,FLUCONAZOLE 10 MG/ML OR SUSR,,,,,
Fluconazole,FLUCONAZOLE IVPB (VARIABLE DOSE),,,,,
Gentamicin,GENTAMICIN SULFATE 0.1 % EX OINT,,,,,
Gentamicin,GENTAMICIN SULFATE 0.3 % OP OINT,,,,,
Gentamicin,GENTAMICIN SULFATE 40 MG/ML IJ SOLN,,,,,
Gentamicin,GENTAMICIN SULFATE 0.3 % OP SOLN,,,,,
Gentamicin,GENTAMICIN IN SALINE 0.8-0.9 MG/ML-% IV SOLN,,,,,
Gentamicin,GENTAMICIN IN SALINE 1-0.9 MG/ML-% IV SOLN,,,,,
Gentamicin,GENTAMICIN IN SALINE 1.2-0.9 MG/ML-% IV SOLN,,,,,
Gentamicin,GENTAMICIN IN SALINE 1.6-0.9 MG/ML-% IV SOLN,,,,,
Gentamicin,GENTAMICIN > 100 MG IVPB (UCI),,,,,
Gentamicin,GENTAMICIN < 100 MG IVPB (UCI),,,,,
Gentamicin,GENTAMICIN IRRIGATION (UCI),,,,,
Gentamicin,GENTAMICIN INTRATHECAL INJECTION (UCI),,,,,
Gentamicin,GENTAMICIN PF INTRATHECAL OR INTRAVENTRICULAR INJECTION (UCI),,,,,
Desmopressin,DESMOPRESSIN ACETATE 4 MCG/ML IJ SOLN,,,,,
Desmopressin,DESMOPRESSIN ACETATE 0.1 MG OR TABS,,,,,
Desmopressin,DESMOPRESSIN ACETATE 0.05 MG OR TABS (HALF TABLET),,,,,
Desmopressin,DESMOPRESSIN ACETATE 0.2 MG OR TABS,,,,,
Desmopressin,DESMOPRESSIN ACE REFRIGERATED 0.01 % NA SOLN,,,,,
Desmopressin,DESMOPRESSIN ACETATE SPRAY 0.01 % NA SOLN,,,,,
Desmopressin,DESMOPRESSIN IVPB (UCI),,,,,
Acetaminophen,ACETAMINOPHEN 325 MG OR TABS,,,,,
Acetaminophen,ACETAMINOPHEN 650 MG RE SUPP,,,,,
Acetaminophen,ACETAMINOPHEN 500 MG OR TABS,,,,,
Acetaminophen,ACETAMINOPHEN 160 MG/5ML OR SOLN,,,,,
Acetaminophen,ACETAMINOPHEN 10 MG/ML IV SOLN,,,,,
Acetaminophen,ACETAMINOPHEN 325 MG RE SUPP,,,,,
Acetaminophen,ACETAMINOPHEN 80 MG OR CHEW,,,,,
Acetaminophen,ACETAMINOPHEN 325 MG/10.15ML PO SOLN,,,,,
Acetaminophen,ACETAMINOPHEN 650 MG/20.3ML PO SOLN,,,,,
Adenosine,ADENOSINE 6 MG/2ML IV SOLN,,,,,
Adenosine,ADENOSINE 12 MG/4ML IV SOLN,,,,,
Adenosine,ADENOSINE (DIAGNOSTIC) 3 MG/ML IV SOLN,,,,,
Valsartan,VALSARTAN 40 MG OR TABS,,,,,
Valsartan,VALSARTAN 160 MG OR TABS,,,,,
Valsartan,VALSARTAN 20 MG OR TABS (HALF TABLET),,,,,
Bacitracin,BACITRACIN 500 UNIT/GM EX OINT,,,,,
Bacitracin,BACITRACIN 500 UNIT/GM OINT - 1 GM (UCI),,,,,
Bacitracin,BACITRACIN 500 UNIT/GM OINT - 1 GM PACKET (UCI),,,,,
Bacitracin,BACITRACIN ZINC 500 UNIT/GM EX OINT,,,,,
Bacitracin,BACITRACIN 50000 UNIT IM SOLR,,,,,
Bacitracin,BACITRACIN-POLYMYXIN B 500-10000 UNIT/GM OP OINT,,,,,
Bacitracin,BACITRACIN-NEOMYCIN-POLYMYXIN 400-3.5-5000 EX OINT,,,,,
Bacitracin,BACITRACIN-NEOMYCIN-POLYMYXIN 400-5-5000 EX OINT,,,,,
Captopril,CAPTOPRIL 12.5 MG OR TABS,,,,,
Captopril,CAPTOPRIL 25 MG OR TABS,,,,,
Captopril,CAPTOPRIL 6.25 MG OR TABS (HALF TABLET),,,,,
Sumatriptan,SUMATRIPTAN SUCCINATE 50 MG OR TABS,,,,,
Sumatriptan,SUMATRIPTAN SUCCINATE 25 MG OR TABS,,,,,
Sumatriptan,SUMATRIPTAN SUCCINATE 6 MG/0.5ML SC SOLN,,,,,
Cephalexin,CEPHALEXIN 500 MG OR CAPS,,,,,
Cephalexin,CEPHALEXIN 250 MG OR CAPS,,,,,
Cephalexin,CEPHALEXIN 250 MG/5ML OR SUSR,,,,,
Nitroglycerin,NITROGLYCERIN 50 MG/250 ML D5W PREMIX INFUSION (UCI),,,,,
Nitroglycerin,NITROGLYCERIN 0.4 MG/SPRAY TL SOLN,,,,,
Nitroglycerin,NITROGLYCERIN 0.1 MG/HR TD PT24,,,,,
Nitroglycerin,NITROGLYCERIN 0.2 % TD OINT,,,,,
Nitroglycerin,NITROGLYCERIN 0.4 MG SL SUBL,,,,,
Nitroglycerin,NITROGLYCERIN 0.3 MG/HR TD PT24,,,,,
Nitroglycerin,NITROGLYCERIN 0.4 MG/HR TD PT24,,,,,
Nitroglycerin,NITROGLYCERIN 5 MG/ML IV SOLN,,,,,
Nitroglycerin,NITROGLYCERIN 100 MCG/ML IV 10 ML (UCI),,,,,
Clindamycin,CLINDAMYCIN PHOSPHATE IN NACL 600-0.9 MG/50ML-% IV SOLN,,,,,
Clindamycin,CLINDAMYCIN PHOSPHATE IN NACL 900-0.9 MG/50ML-% IV SOLN,,,,,
Clindamycin,CLINDAMYCIN PHOSPHATE IN D5W 600 MG/50ML IV SOLN,,,,,
Clindamycin,CLINDAMYCIN PHOSPHATE IN D5W 900 MG/50ML IV SOLN,,,,,
Clindamycin,CLINDAMYCIN HCL 300 MG OR CAPS,,,,,
Clindamycin,CLINDAMYCIN HCL 150 MG OR CAPS,,,,,
Clindamycin,CLINDAMYCIN PHOSPHATE 1 % EX SOLN,,,,,
Clindamycin,CLINDAMYCIN PHOSPHATE 600 MG/4ML IJ SOLN,,,,,
Clindamycin,CLINDAMYCIN PHOSPHATE 900 MG/6ML IJ SOLN,,,,,
Clindamycin,CLINDAMYCIN IVPB 600 MG (UCI),,,,,
Clindamycin,CLINDAMYCIN IVPB 900 MG (UCI),,,,,
Nimodipine,NIMODIPINE 30 MG OR CAPS,,,,,
Nimodipine,NIMODIPINE 30 MG/ML ORAL SUSPENSION (UCI),,,,,
Linezolid,LINEZOLID 600 MG OR TABS,,,,,
Linezolid,LINEZOLID 600 MG/300ML IV SOLN,,,,,
Ciprofloxacin,CIPROFLOXACIN HCL 500 MG OR TABS,,,,,
Ciprofloxacin,CIPROFLOXACIN HCL 250 MG OR TABS,,,,,
Ciprofloxacin,CIPROFLOXACIN IN D5W 200 MG/100ML IV SOLN,,,,,
Ciprofloxacin,CIPROFLOXACIN IN D5W 400 MG/200ML IV SOLN,,,,,
Ciprofloxacin,CIPROFLOXACIN HCL 0.3 % OP SOLN,,,,,
Ciprofloxacin,CIPROFLOXACIN IVPB <=400 MG (UCI),,,,,
Metoclopramide,METOCLOPRAMIDE HCL 5 MG/ML IJ SOLN,,,,,
Metoclopramide,METOCLOPRAMIDE HCL 10 MG OR TABS,,,,,
Metoclopramide,METOCLOPRAMIDE HCL 5 MG OR TABS,,,,,
Metoclopramide,METOCLOPRAMIDE HCL 10 MG/10ML OR SOLN,,,,,
Metoclopramide,METOCLOPRAMIDE IVPB (UCI),,,,,
Bupivacaine,BUPIVACAINE HCL (PF) 0.25 % IJ SOLN,,,,,
Bupivacaine,BUPIVACAINE HCL (PF) 0.5 % IJ SOLN,,,,,
Bupivacaine,BUPIVACAINE HCL (PF) 0.75 % IJ SOLN,,,,,
Bupivacaine,BUPIVACAINE HCL 0.25 % IJ SOLN,,,,,
Bupivacaine,BUPIVACAINE HCL 0.5 % IJ SOLN,,,,,
Bupivacaine,BUPIVACAINE LIPOSOME 1.3 % IJ SUSP,,,,,
Bupivacaine,BUPIVACAINE LIPOSOME 0.65% IJ SUSP,,,,,
Bupivacaine,BUPIVACAINE 0.125% LABOR EPIDURAL (UCI),,,,,
Bupivacaine,BUPIVACAINE 0.125% ANESTHESIA EPIDURAL INFUSION (UCI),,,,,
Bupivacaine,BUPIVACAINE 0.1% (CONC 1 MG/ML) PAIN MANAGEMENT EPIDURAL (UCI),,,,,
Bupivacaine,BUPIVACAINE 0.1% (CONC 1 MG/ML) PAIN MANAGEMENT PCEA (UCI),,,,,
Bupivacaine,BUPIVACAINE 0.5% PF INFUSION 500 ML - ON-Q PUMP (UCI),,,,,
Bupivacaine,BUPIVACAINE 0.5% PF INFUSION 400 ML - ON-Q PUMP (UCI),,,,,
Bupivacaine,BUPIVACAINE DILUTION 0.125% IJ SOLN (ANESTHESIA),,,,,
Bupivacaine,BUPIVACAINE DILUTION 0.0625% IJ SOLN (ANESTHESIA),,,,,
Risperidone,RISPERIDONE 1 MG OR TABS,,,,,
Risperidone,RISPERIDONE 2 MG OR TABS,,,,,
Risperidone,RISPERIDONE 0.25 MG OR TABS,,,,,
Risperidone,RISPERIDONE 0.5 MG OR TABS,,,,,
Risperidone,RISPERIDONE 4 MG OR TABS,,,,,
Risperidone,RISPERIDONE ODT 1 MG OR TBDP,,,,,
Risperidone,RISPERIDONE ODT 2 MG OR TBDP,,,,,
Risperidone,RISPERIDONE 1 MG/ML OR SOLN,,,,,
Vecuronium,VECURONIUM BROMIDE 10 MG/10ML IV SOSY,,,,,
Vecuronium,VECURONIUM BROMIDE 10 MG IV SOLR,,,,,
Vecuronium,VECURONIUM BROMIDE (PF) 10 MG/10ML IV SOSY,,,,,
Vecuronium,VECURONIUM 100 MG/100 ML INFUSION (UCI),,,,,
Vecuronium,VECURONIUM BROMIDE 20 MG IV SOLR,,,,,
Vecuronium,VECURONIUM INFUSION (ANESTHESIA),,,,,
Heparin,HEPARIN SODIUM (PORCINE) 5000 UNIT/ML IJ SOLN,,,,,
Heparin,HEPARIN SODIUM (PORCINE) 1000 UNIT/ML IJ SOLN,,,,,
Heparin,HEPARIN SODIUM (PORCINE) 10000 UNIT/ML IJ SOLN,,,,,
Heparin,HEPARIN SODIUM LOCK FLUSH 100 UNIT/ML IJ SOLN,,,,,
Heparin,HEPARIN SODIUM LOCK FLUSH 10 UNIT/ML IJ SOLN,,,,,
Heparin,HEPARIN LOCK FLUSH 2 UNITS/ML IN 0.45% NS (UCI),,,,,
Heparin,HEPARIN PER PHARMACY - UCI,,,,,
Heparin,HEPARIN IN DEXTROSE 500 ML IMPELLA PURGE SOLUTION (UCI),,,,,
Heparin,HEPARIN (PORCINE) IN NACL 2-0.9 UNIT/ML-% IJ SOLN,,,,,
Heparin,HEPARIN SOD (PORCINE) IN D5W 100 UNIT/ML IV SOLN,,,,,
Epinephrine,EPINEPHRINE PF 1 MG/10ML IJ SOSY,,,,,
Epinephrine,EPINEPHRINE PF 1 MG/ML IJ SOLN,,,,,
Epinephrine,EPINEPHRINE 1 MG/10ML IJ SOSY,,,,,
Epinephrine,EPINEPHRINE HCL (NASAL) 0.1 % NA SOLN,,,,,
Epinephrine,EPINEPHRINE 8 MG/250 ML INFUSION (UCI),,,,,
Epinephrine,EPINEPHRINE 16 MG/250 ML INFUSION - CENTRAL LINE ONLY (UCI),,,,,
Epinephrine,EPINEPHRINE 1 MG IN 100 ML NS INJECTION (OPTIME),,,,,
Epinephrine,EPINEPHRINE 1 MG IN 9 ML NS INJECTION (OPTIME),,,,,
Epinephrine,EPINEPHRINE INFUSION (ANESTHESIA),,,,,
Epinephrine,EPINEPHRINE IRRIGATION FOR ARTHROSCOPY (OPTIME),,,,,
Phenylephrine,PHENYLEPHRINE HCL-NACL 1-0.9 MG/10ML-% IV SOSY,,,,,
Phenylephrine,PHENYLEPHRINE DILUTION 100 MCG/ML IJ SOLN,,,,,
Phenylephrine,PHENYLEPHRINE 250 ML ADULT INFUSION (VARIABLE CONCENTRATION) (UCI),,,,,
Phenylephrine,PHENYLEPHRINE HCL 2.5 % OP SOLN,,,,,
Phenylephrine,PHENYLEPHRINE HCL 10 MG/ML IV SOLN,,,,,
Phenylephrine,PHENYLEPHRINE INFUSION (ANESTHESIA) (UCI),,,,,
Phenylephrine,PHENYLEPHRINE DILUTION 10 MG IN 1000 ML NS (OPTIME)(UCI),,,,,
Phenylephrine,PHENYLEPHRINE 250 ML ADULT INFUSION (VARIABLE CONCENTRATION) (UCI),,,,,
Doxycycline,DOXYCYCLINE HYCLATE 100 MG OR CAPS,,,,,
Doxycycline,DOXYCYCLINE HYCLATE 100 MG OR TABS,,,,,
Doxycycline,DOXYCYCLINE HYCLATE 100 MG IV SOLR,,,,,
Doxycycline,DOXYCYCLINE IVPB 100 MG,,,,,
Doxycycline,DOXYCYCLINE IVPB 200 MG (UCI),,,,,
Doxycycline,DOXYCYCLINE IVPB 100MG (UCI),,,,,
Doxycycline,DOXYCYCLINE IVPB INTRAPLEURAL (UCI),,,,,
Carbamazepine,CARBAMAZEPINE 200 MG OR TABS,,,,,
Carbamazepine,CARBAMAZEPINE 200 MG OR CP12,,,,,
Carbamazepine,CARBAMAZEPINE 200 MG OR TB12,,,,,
Carbamazepine,CARBAMAZEPINE 100 MG/5ML OR SUSP,,,,,
Milrinone,MILRINONE LACTATE IN DEXTROSE 40-5 MG/200ML-% IV SOLN,,,,,
Milrinone,MILRINONE 50 MG/250 ML NS INFUSION (UCI),,,,,
Milrinone,MILRINONE LOADING DOSE FROM BAG (UCI),,,,,
Magnesium,MAGNESIUM SULFATE 4 GM/50ML IV SOLN,,,,,
Magnesium,MAGNESIUM SULFATE 2 GM/50ML IV SOLN,,,,,
Magnesium,MAGNESIUM SULFATE IVPB 1 GM (UCI),,,,,
Magnesium,MAGNESIUM SULFATE IVPB 3 GM (UCI),,,,,
Magnesium,MAGNESIUM SULFATE IVPB 6 GM IN NS (UCI),,,,,
Magnesium,MAGNESIUM SULFATE 50 % IJ SOLN,,,,,
Magnesium,MAGNESIUM SULFATE 20 G/500 ML PREMIX INFUSION (UCI),,,,,
Magnesium,MAGNESIUM SULFATE 10G IN NS 1 L (NEURO),,,,,
Magnesium,MAGNESIUM CHLORIDE 64 MG PO TBEC,,,,,
Magnesium,MAGNESIUM CHLORIDE 535 (64 MG) MG OR TBCR,,,,,
Magnesium,MAGNESIUM OXIDE 400 MG OR TABS,,,,,
Ephedrine,EPHEDRINE SULFATE 50 MG/ML IJ SOLN,,,,,
Ephedrine,EPHEDRINE SULFATE 5 MG/ML IV SOLN,,,,,
Ephedrine,EPHEDRINE SULFATE-NACL 50-0.9 MG/10ML-% IV SOSY,,,,,
Ephedrine,EPHEDRINE SULFATE-NACL (PF) 50-0.9 MG/10ML-% IV SOSY,,,,,
Duloxetine,DULOXETINE HCL 30 MG OR CPEP,,,,,
Duloxetine,DULOXETINE HCL 20 MG OR CPEP,,,,,
Norepinephrine,NOREPINEPHRINE-SODIUM CHLORIDE 8-0.9 MG/250ML-% IV SOLN,,,,,
Norepinephrine,NOREPINEPHRINE 4 MG/250 ML NS INFUSION (UCI),,,,,
Norepinephrine,NOREPINEPHRINE 8 MG/250 ML NS INFUSION (NON-STANDARD) (UCI),,,,,
Norepinephrine,NOREPINEPHRINE 16 MG/250 ML NS INFUSION (NEURO/NON-STANDARD) (UCI),,,,,
Norepinephrine,NOREPINEPHRINE 16 MG/250 ML NS INFUSION (NEURO/NON-STANDARD) (FOR CENTRAL LINE ONLY) (UCI),,,,,
Norepinephrine,NOREPINEPHRINE BITARTRATE 1 MG/ML IJ SOLN,,,,,
Norepinephrine,NOREPINEPHRINE-DEXTROSE 16-5 MG/250ML-% IV SOLN,,,,,
Norepinephrine,NOREPINEPHRINE 4 MG/250 ML D5W INFUSION (UCI),,,,,
Norepinephrine,NOREPINEPHRINE INFUSION (ANESTHESIA),,,,,
Midazolam,MIDAZOLAM HCL 2 MG/2ML IJ SOLN,,,,,
Midazolam,MIDAZOLAM HCL 5 MG/5ML IJ SOLN,,,,,
Midazolam,MIDAZOLAM 100 MG/100 ML PREMIX INFUSION (UCI),,,,,
Midazolam,MIDAZOLAM DOSE FROM BAG (UCI),,,,,
Midazolam,MIDAZOLAM 250 MG/250 ML NS INFUSION (UCI),,,,,
Midazolam,MIDAZOLAM HCL (PF) 2 MG/2ML IJ SOLN,,,,,
Midazolam,MIDAZOLAM HCL (PF) 5 MG/5ML IJ SOLN,,,,,
Esmolol,ESMOLOL HCL 100 MG/10ML IV SOLN,,,,,
Esmolol,ESMOLOL 2.5 G/250 ML PREMIX INFUSION (UCI),,,,,
Esmolol,ESMOLOL 2.5 G/250 ML INFUSION (UCI),,,,,
Esmolol,ESMOLOL HCL-SODIUM CHLORIDE 10-0.59 MG/ML-% IV SOLN,,,,,
Esmolol,ESMOLOL HCL (PF) 100 MG/10ML IV SOSY,,,,,
Esmolol,ESMOLOL PED 10 MG/ML INFUSION - 100 ML(UCI),,,,,
Buprenorphine,BUPRENORPHINE HCL 2 MG SL SUBL,,,,,
Buprenorphine,BUPRENORPHINE HCL 8 MG SL SUBL,,,,,
Remifentanil,REMIFENTANIL INFUSION IN 100ML (ANESTHESIA) (UCI),,,,,
Remifentanil,REMIFENTANIL INFUSION IN 50ML (ANESTHESIA) (UCI),,,,,
Remifentanil,REMIFENTANIL HCL 2 MG IV SOLR,,,,,
Remifentanil,REMIFENTANIL IV BOLUS FROM BAG,,,,,
Naloxone,NALOXONE HCL 0.4 MG/ML IJ SOLN,,,,,
Naloxone,NALOXONE HCL 2 MG/2ML IJ SOSY,,,,,
Naloxone,NALOXONE KIT - ED ONLY (UCI),,,,,
Indomethacin,INDOMETHACIN 25 MG OR CAPS,,,,,
Indomethacin,INDOMETHACIN 50 MG RE SUPP,,,,,
Indomethacin,INDOMETHACIN CR 75 MG OR CPCR,,,,,
Prochlorperazine,PROCHLORPERAZINE EDISYLATE 5 MG/ML IJ SOLN,,,,,
Prochlorperazine,PROCHLORPERAZINE MALEATE 10 MG OR TABS,,,,,
Prochlorperazine,PROCHLORPERAZINE MALEATE 5 MG OR TABS,,,,,
Apixaban,APIXABAN 2.5 MG PO TABS,,,,,
Apixaban,APIXABAN 5 MG PO TABS,,,,,
Clevidipine,CLEVIDIPINE 25 MG/50ML IV EMUL,,,,,
Protamine,PROTAMINE SULFATE 10 MG/ML IV SOLN,,,,,
Protamine,PROTAMINE SULFATE NEONATAL 10 MG/ML INJECTION (UCI),,,,,
Indocyanine,INDOCYANINE GREEN 25 MG IV SOLR,,,,,
Citric acid; Sodium Citrate,SOD CITRATE-CITRIC ACID 500-334 MG/5ML OR SOLN,,,,,
Ondansetron,ONDANSETRON HCL 4 MG OR TABS,,,,,
Ondansetron,ONDANSETRON HCL 4 MG/2ML IV SOLN,,,,,
Ondansetron,ONDANSETRON HCL 4 MG/5ML OR SOLN,,,,,
Ondansetron,ONDANSETRON 4 MG OR TBDP,,,,,
Ondansetron,ONDANSETRON 8 MG OR TBDP,,,,,
Ondansetron,ONDANSETRON IVPB (UCI),,,,,
Ondansetron,ONDANSETRON HCL 8 MG OR TABS,,,,,
Baclofen,BACLOFEN 10 MG OR TABS,,,,,
Baclofen,BACLOFEN 5 MG OR TABS,,,,,
Baclofen,BACLOFEN 5 MG PO TABS,,,,,
Baclofen,BACLOFEN 5 MG OR TABS (HALF TABLET),,,,,
Fentanyl; Bupivacaine,FENTANYL-BUPIVACAINE-NACL 0.2-0.1-0.9 MG/100ML-% EP SOLN,,,,,
Fentanyl; Bupivacaine,FENTANYL 2 MCG/ML WITH BUPIVACAINE 0.0625 % ANES EPIDURAL INF (UCI),,,,,
Fentanyl; Bupivacaine,FENTANYL 2 MCG/ML BUPIVACAINE 0.1% LABOR PCEA (UCI),,,,,
Fentanyl; Bupivacaine,FENTANYL 2 MCG/ML BUPIVACAINE 0.1% PAIN MANAGEMENT PCEA (UCI),,,,,
Ipratropium; Albuterol,IPRATROPIUM-ALBUTEROL 0.5-2.5 (3) MG/3ML IN SOLN,,,,,
Ipratropium; Albuterol,IPRATROPIUM-ALBUTEROL 20-100 MCG/ACT IN AERS,,,,,
Hydrocortisone,HYDROCORTISONE SOD SUCCINATE 100 MG IJ SOLR,,,,,
Hydrocortisone,HYDROCORTISONE NA SUCCINATE PF 100 MG IJ SOLR,,,,,
Hydrocortisone,HYDROCORTISONE NA SUCCINATE PF 250 MG IJ SOLR,,,,,
Hydrocortisone,HYDROCORTISONE 1 % EX LOTN,,,,,
Hydrocortisone,HYDROCORTISONE 1 % EX CREA,,,,,
Hydrocortisone,HYDROCORTISONE 1 % EX OINT,,,,,
Hydrocortisone,HYDROCORTISONE 2.5 % EX CREA,,,,,
Hydrocortisone,HYDROCORTISONE 5 MG OR TABS,,,,,
Hydrocortisone,HYDROCORTISONE 10 MG OR TABS,,,,,
Hydrocortisone,HYDROCORTISONE 20 MG OR TABS,,,,,
Hydrocortisone,HYDROCORTISONE IVPB,,,,,
Hydrocortisone,HYDROCORTISONE ACETATE 25 MG RE SUPP,,,,,
Benzocaine; Menthol,BENZOCAINE-MENTHOL 20-0.5 % EX AERO,,,,,
Iohexol,IOHEXOL 350 MG/ML IV SOLN,,,,,
Iohexol,IOHEXOL 300 MG/ML IJ SOLN,,,,,
Iohexol,IOHEXOL 240 MG/ML IJ SOLN,,,,,
Iohexol,IOHEXOL 180 MG/ML IJ SOLN,,,,,
Iohexol,IOHEXOL 140 MG/ML IV SOLN,,,,,
Iohexol,IOHEXOL 9 MG/ML PO SOLN,,,,,
Propofol,PROPOFOL 1000 MG/100 ML INFUSION (UCI),,,,,
Propofol,PROPOFOL 200 MG/20ML IV EMUL,,,,,
Propofol,PROPOFOL 500 MG/50ML IV EMUL,,,,,
Propofol,PROPOFOL 10 MG/ML BOLUS FROM BAG (UCI),,,,,
Propofol,PROPOFOL IV BOLUS 10 MG/ML,,,,,
Propofol,PROPOFOL 500 MG/50 ML INFUSION (UCI),,,,,
Propofol,PROPOFOL 1000 MG/100ML IV EMUL,,,,,
Propofol,propofol (DIPRIVAN) 1000 MG/100ML infusion  - ADS OVERRIDE,,,,,
Neostigmine,NEOSTIGMINE METHYLSULFATE 5 MG/5ML IV SOSY,,,,,
Neostigmine,NEOSTIGMINE METHYLSULFATE 10 MG/10ML IV SOLN,,,,,
Neostigmine,NEOSTIGMINE METHYLSULFATE 1 MG/ML IJ SOLN,,,,,
Sotalol,SOTALOL HCL 80 MG OR TABS,,,,,
Sotalol,SOTALOL HCL 40 MG OR TABS (HALF TABLET),,,,,
Ketamine,KETAMINE HCL 100 MG/ML IJ SOLN,,,,,
Ketamine,KETAMINE HCL 50 MG/5ML IJ SOSY,,,,,
Ketamine,KETAMINE HCL 10 MG/ML IJ SOLN,,,,,
Ketamine,KETAMINE INFUSION (ANESTHESIA) (UCI),,,,,
Ketamine,KETAMINE IN NS INFUSION (VARIABLE CONCENTRATION) (UCI),,,,,
Ketamine,KETAMINE 500 MG/100 ML PCA INFUSION (UCI),,,,,
Ketamine,KETAMINE 5000 MG/500 ML NS INFUSION (UCI),,,,,
Ketamine,KETAMINE 10 MG/ML OR SOLN (COMPOUNDED),,,,,
Sitagliptin,SITAGLIPTIN PHOSPHATE 25 MG OR TABS,,,,,
Sitagliptin,SITAGLIPTIN PHOSPHATE 50 MG OR TABS,,,,,
Papaverine,PAPAVERINE HCL 30 MG/ML IJ SOLN,,,,,
Papaverine,PAPAVERINE DILUTION IN NS (OPTIME),,,,,
Papaverine,PAPAVERINE DILUTION 60 MG IN 20 ML NS (OPTIME),,,,,
Oxytocin,OXYTOCIN 30 UNITS/500 ML LR LV (PREMIX) (UCI),,,,,
Oxytocin,OXYTOCIN 10 UNIT/ML IJ SOLN,,,,,
Oxytocin,OXYTOCIN 30 UNITS/500 ML LR INFUSION (PREMIX) (UCI),,,,,
Misoprostol,MISOPROSTOL 200 MCG OR TABS,,,,,
Misoprostol,MISOPROSTOL 25 MCG OR TAB (QUARTER TABLET),,,,,
Aripiprazole,ARIPIPRAZOLE 5 MG OR TABS,,,,,
Aripiprazole,ARIPIPRAZOLE 10 MG OR TABS,,,,,
Aripiprazole,ARIPIPRAZOLE 15 MG OR TABS,,,,,
Prednisolone,PREDNISOLONE ACETATE 1 % OP SUSP,,,,,
Prednisolone,PREDNISOLONE 15 MG/5ML PO SOLN,,,,,
Rivaroxaban,RIVAROXABAN 20 MG PO TABS,,,,,
Rivaroxaban,RIVAROXABAN 15 MG PO TABS,,,,,
Rivaroxaban,RIVAROXABAN 10 MG PO TABS,,,,,
Rivaroxaban,RIVAROXABAN 2.5 MG PO TABS,,,,,
Fludrocortisone,FLUDROCORTISONE ACETATE 0.1 MG OR TABS,,,,,
Fludrocortisone,FLUDROCORTISONE ACETATE 0.05 MG OR TABS (HALF TABLET),,,,,
Lactulose,LACTULOSE 10 GM/15ML OR SOLN,,,,,
Lactulose,LACTULOSE ENEMA RE SOLN,,,,,
Potassium Phosphate,POTASSIUM PHOSPHATES IVPB <= 40 MEQ (UCI),,,,,
Potassium Phosphate,POTASSIUM PHOSPHATES IVPB <= 20 MEQ (UCI),,,,,
Potassium Phosphate,POTASSIUM PHOSPHATES IVPB <= 30 MEQ (UCI),,,,,
Potassium Phosphate,POTASSIUM PHOSPHATES IVPB <= 10 MEQ (UCI),,,,,
Potassium Phosphate,POTASSIUM PHOSPHATE 40 MEQ IN 500 ML IVPB (UCI),,,,,
TPN,PN ADULT (UCI),,,,,
Sufentanil,SUFENTANIL INFUSION (ANESTHESIA) (UCI),,,,,
Nortriptyline,NORTRIPTYLINE HCL 10 MG OR CAPS,,,,,
Nortriptyline,NORTRIPTYLINE HCL 25 MG OR CAPS,,,,,
Simethicone,SIMETHICONE 80 MG OR CHEW,,,,,
Simethicone,SIMETHICONE 40 MG/0.6ML OR SUSP,,,,,
Thrombin,THROMBIN 5000 UNIT EX SOLR,,,,,
Thrombin,THROMBIN (RECOMBINANT) 20000 UNIT EX SOLR,,,,,
Thrombin,THROMBIN (RECOMBINANT) 5000 UNIT EX SOLR,,,,,
Olanzapine,OLANZAPINE 10 MG OR TABS,,,,,
Olanzapine,OLANZAPINE 2.5 MG OR TABS,,,,,
Olanzapine,OLANZAPINE 5 MG OR TABS,,,,,
Olanzapine,OLANZAPINE 20 MG OR TABS,,,,,
Olanzapine,OLANZAPINE ODT 10 MG OR TBDP,,,,,
Olanzapine,OLANZAPINE ODT 5 MG OR TBDP,,,,,
Olanzapine,OLANZAPINE ODT 15 MG OR TBDP,,,,,
Olanzapine,OLANZAPINE ODT 20 MG OR TBDP,,,,,
Olanzapine,OLANZAPINE 10 MG IM SOLR,,,,,
Venlafaxine,VENLAFAXINE HCL 75 MG OR TABS,,,,,
Venlafaxine,VENLAFAXINE HCL 50 MG OR TABS,,,,,
Venlafaxine,VENLAFAXINE HCL 37.5 MG OR TABS,,,,,
Venlafaxine,VENLAFAXINE HCL 75 MG OR CP24,,,,,
Venlafaxine,VENLAFAXINE HCL 150 MG OR CP24,,,,,
Venlafaxine,VENLAFAXINE HCL 37.5 MG OR CP24,,,,,
Mycophenolate,MYCOPHENOLATE MOFETIL 500 MG OR TABS,,,,,
Mycophenolate,MYCOPHENOLATE MOFETIL 250 MG OR CAPS,,,,,
Mycophenolate,MYCOPHENOLATE SODIUM 360 MG OR TBEC,,,,,
Mycophenolate,MYCOPHENOLATE SODIUM 180 MG OR TBEC,,,,,
Mycophenolate,MYCOPHENOLATE MOFETIL 200 MG/ML OR SUSR,,,,,
Dopamine,DOPAMINE IN D5W 3.2-5 MG/ML-% IV SOLN,,,,,
Dopamine,DOPAMINE 400 MG/250 ML D5W PREMIX INFUSION (UCI),,,,,
Dopamine,DOPAMINE 800 MG/250 ML D5W PREMIX INFUSION (UCI),,,,,
Dopamine,DOPAMINE IN NS INFUSION (VARIABLE CONCENTRATION) (UCI),,,,,
Argatroban,ARGATROBAN 250 MG/250 ML NS INFUSION (UCI),,,,,
Argatroban,ARGATROBAN PER PHARMACY - UCI,,,,,
Nicardipine,NICARDIPINE 50 MG/250 ML NS INFUSION (UCI),,,,,
Nicardipine,NICARDIPINE 40 MG/200 ML NACL 0.83% PREMIX INFUSION (UCI),,,,,
Nicardipine,NICARDIPINE HCL IN NACL 40-0.83 MG/200ML-% IV SOLN,,,,,
Nicardipine,NICARDIPINE HCL IN NACL 40-0.9 MG/200ML-% IV SOLN,,,,,
Nicardipine,NICARDIPINE HCL 2.5 MG/ML IV SOLN,,,,,
Nicardipine,NICARDIPINE PED 0.2 MG/ML INFUSION >45 KG (UCI),,,,,
Nicardipine,NICARDIPINE PED 0.5 MG/ML INFUSION >45 KG (UCI),,,,,
Nicardipine,NICARDIPINE PED 0.1 MG/ML INFUSION >45 KG (UCI),,,,,
Nicardipine,niCARdipine (CARDENE) 40-0.83 MG/200ML-% premixed infusion (0.2 mg/mL)  - ADS OVERRIDE,,,,,
Tenofovir,TENOFOVIR DISOPROXIL FUMARATE 300 MG OR TABS,,,,,
Tenofovir,TENOFOVIR ALAFENAMIDE FUMARATE 25 MG PO TABS,,,,,
Vasopressin,VASOPRESSIN 20 UNIT/ML IJ SOLN,,,,,
Vasopressin,VASOPRESSIN 20 UNIT/ML IV SOLN,,,,,
Vasopressin,VASOPRESSIN INFUSION (UCI),,,,,
Vasopressin,VASOPRESSIN INFUSION (ANESTHESIA),,,,,
Vasopressin,VASOPRESSIN 20 UNITS IN NS 100 ML (OPTIME),,,,,
Metformin,METFORMIN HCL 500 MG OR TABS,,,,,
Metformin,METFORMIN HCL 850 MG OR TABS,,,,,
Neomycin,NEOMYCIN SULFATE 500 MG OR TABS,,,,,
Neomycin,NEOMYCIN-POLYMYXIN-DEXAMETH 3.5-10000-0.1 OP OINT,,,,,
Neomycin,NEOMYCIN-POLYMYXIN-DEXAMETH 0.1 % OP OINT,,,,,
Neomycin,NEOMYCIN-POLYMYXIN-DEXAMETH 0.1 % OP SUSP,,,,,
Neomycin,NEOMYCIN-POLYMYXIN-HC 3.5-10000-1 OT SOLN,,,,,
Neomycin,NEOMYCIN-POLYMYXIN-HC 3.5-10000-1 OT SUSP,,,,,
Neomycin,"NEOMYCIN-POLYMYXIN-GRAMICIDIN,OPHTHALMIC ANTIBIOTICS",,,,,
Neomycin,NEOMYCIN-POLYMYXIN GU IRRIGANT 1 ML IN 1000 ML NS (OPTIME),,,,,
Neomycin,NEOMYCIN-POLYMYXIN GU IRRIGANT 2 ML IN 3000 ML NS (OPTIME),,,,,
Haloperidol,HALOPERIDOL LACTATE 5 MG/ML IJ SOLN,,,,,
Haloperidol,HALOPERIDOL LACTATE 2 MG/ML OR CONC,,,,,
Haloperidol,HALOPERIDOL 5 MG OR TABS,,,,,
Haloperidol,HALOPERIDOL 1 MG OR TABS,,,,,
Piperacillin; Tazobactam,"PIPERACILLIN-TAZOBACTAM IVPB 3,375 MG (UCI)",,,,,
Piperacillin; Tazobactam,"PIPERACILLIN-TAZOBACTAM IVPB 4,500 MG (UCI)",,,,,
Piperacillin; Tazobactam,"PIPERACILLIN-TAZOBACTAM IVPB 2,250 MG (UCI)",,,,,
Piperacillin; Tazobactam,"PIPERACILLIN-TAZOBACTAM IVPB <=3,375 MG (UCI)",,,,,
Piperacillin; Tazobactam,PIPERACILLIN SOD-TAZOBACTAM SO 3-0.375 GM IV SOLR,,,,,
Zolpidem,ZOLPIDEM TARTRATE 5 MG OR TABS,,,,,
Sugammadex,SUGAMMADEX SODIUM 200 MG/2ML IV SOLN,,,,,
Sugammadex,SUGAMMADEX SODIUM 500 MG/5ML IV SOLN,,,,,
Mupirocin,MUPIROCIN 2 % EX OINT,,,,,
Lamotrigine,LAMOTRIGINE 100 MG OR TABS,,,,,
Lamotrigine,LAMOTRIGINE 200 MG OR TABS,,,,,
Lamotrigine,LAMOTRIGINE 25 MG OR TABS,,,,,
Piperacillin,PIPERACILLIN 500 MG OR TABS,,,,,
Tranexamic acid,TRANEXAMIC ACID 1000 MG/10ML IV SOLN,,,,,
Tranexamic acid,TRANEXAMIC ACID IVPB,,,,,
Tranexamic acid,TRANEXAMIC ACID IVPB (UCI),,,,,
Tranexamic acid,TRANEXAMIC ACID 1000 MG/10ML INJECTION FOR NEBULIZATION,,,,,
Tranexamic acid,TRANEXAMIC ACID 1000 MG/10 ML INJECTION FOR TOPICAL ADMINISTRATION,,,,,
Hydrochlorothiazide,HYDROCHLOROTHIAZIDE 12.5 MG OR TABS,,,,,
Hydrochlorothiazide,HYDROCHLOROTHIAZIDE 25 MG OR TABS,,,,,
Hydrochlorothiazide,HYDROCHLOROTHIAZIDE 50 MG OR TABS,,,,,
Hydrochlorothiazide,HYDROCHLOROTHIAZIDE 12.5 MG OR CAPS,,,,,
Empagliflozin,EMPAGLIFLOZIN 10 MG PO TABS,,,,,
Dolutegravir,DOLUTEGRAVIR SODIUM 50 MG PO TABS,,,,,
Sacubitril; Valsartan,SACUBITRIL-VALSARTAN 24-26 MG PO TABS,,,,,
Sacubitril; Valsartan,SACUBITRIL-VALSARTAN 49-51 MG PO TABS,,,,,
Sacubitril; Valsartan,SACUBITRIL-VALSARTAN 97-103 MG PO TABS,,,,,
Sacubitril; Valsartan,SACUBITRIL-VALSARTAN 12-13 MG OR TAB (HALF TABLET),,,,,
Ertapenem,ERTAPENEM IVPB 1 GM,,,,,
Ertapenem,ERTAPENEM IV 1 GM IN SWFI,,,,,
Ertapenem,ERTAPENEM IV 500 MG,,,,,
Ertapenem,ERTAPENEM IV 100 MG/ML,,,,,
Ertapenem,ERTAPENEM SODIUM 1 G IV SOLR,,,,,
Rilpivirine,no matches found,,,,,
Amitriptyline,AMITRIPTYLINE HCL 25 MG OR TABS,,,,,
Amitriptyline,AMITRIPTYLINE HCL 50 MG OR TABS,,,,,
Amitriptyline,AMITRIPTYLINE HCL 10 MG OR TABS,,,,,
Sulfadiazine,no matches found,,,,,
Fosphenytoin,FOSPHENYTOIN IVPB (LOADING DOSE),,,,,
Fosphenytoin,FOSPHENYTOIN IVPB (MAINTENANCE DOSE),,,,,
Glucagon,GLUCAGON HCL (DIAGNOSTIC) 1 MG IJ SOLR,,,,,
Glucagon,GLUCAGON 10 MG/100 ML D5W INFUSION (UCI),,,,,
Glucagon,GLUCAGON IVPB (UCI),,,,,
Nitroprusside,NITROPRUSSIDE 50 MG/250 ML D5W INFUSION (UCI),,,,,
Nitroprusside,NITROPRUSSIDE INFUSION (ANESTHESIA) (UCI),,,,,
Bacitracin; Cefazolin; Gentamycin,no matches found,,,,,
Pregabalin,PREGABALIN 100 MG OR CAPS,,,,,
Pregabalin,PREGABALIN 75 MG OR CAPS,,,,,
Pregabalin,PREGABALIN 50 MG OR CAPS,,,,,
Pregabalin,PREGABALIN 25 MG OR CAPS,,,,,
Emtricitabine; Tenofovir,EMTRICITABINE-TENOFOVIR 200-300 MG OR TABS,,,,,
Emtricitabine; Tenofovir,EMTRICITABINE-TENOFOVIR AF 200-25 MG PO TABS,,,,,
Eptifibatide,no matches found,,,,,
Methylene Blue,METHYLENE BLUE 50 MG/10ML IV SOLN,,,,,
Methylene Blue,METHYLENE BLUE 1 % IJ SOLN,,,,,
Methylene Blue,METHYLENE BLUE IVPB (UCI),,,,,
Methylene Blue,METHYLENE BLUE 0.5% 2 ML IN 1000 ML NS IRRIGATION (OPTIME),,,,,
Methylene Blue,METHYLENE BLUE 1% 2 ML IN 1000 ML NS IRRIGATION (OPTIME)(UCI),,,,,
Methylene Blue,METHYLENE BLUE 0.5% 4 ML IN 1000 ML NS BLADDER IRRIGATION (OPTIME),,,,,
Propranolol,PROPRANOLOL HCL 10 MG OR TABS,,,,,
Propranolol,PROPRANOLOL HCL 20 MG/5ML OR SOLN,,,,,
Propranolol,PROPRANOLOL HCL 40 MG OR TABS,,,,,
Propranolol,PROPRANOLOL HCL CR 80 MG OR CP24,,,,,
Meperidine,MEPERIDINE HCL 50 MG/ML IJ SOLN,,,,,
Meperidine,MEPERIDINE HCL 25 MG/ML IJ SOLN,,,,,
Carboprost,CARBOPROST TROMETHAMINE 250 MCG/ML IM SOLN,,,,,
Cefpodoxime,no matches found,,,,,
Nadolol,no matches found,,,,,
Amoxicillin,AMOXICILLIN 500 MG OR CAPS,,,,,
Amoxicillin,AMOXICILLIN 250 MG/5ML OR SUSR,,,,,
Abacavir; Dolutegravir; Lamivudine,ABACAVIR-DOLUTEGRAVIR-LAMIVUDINE 600-50-300 MG OR TABS,,,,,
Mepivacaine,MEPIVACAINE HCL (PF) 2 % IJ SOLN,,,,,
Dextran,DEXTRAN 40 IN D5W 10 % IV SOLN,,,,,
Dextran,DEXTRAN 40 IN SALINE 10-0.9 % IV SOLN,,,,,
Fat emulsion,FAT EMULSION 20 % IV EMUL,,,,,
Fat emulsion,FAT EMUL FISH OIL/PLANT BASED 20 % IV EMUL,,,,,
Fat emulsion,FAT EMULSION PLANT BASED (SOY) 20 % IV EMUL,,,,,
Dabigatran,DABIGATRAN ETEXILATE MESYLATE 150 MG PO CAPS,,,,,
Riociguat,RIOCIGUAT 2.5 MG PO TABS,,,,,
Darunavir; Cobicistat,DARUNAVIR-COBICISTAT 800-150 MG PO TABS,,,,,
Darunavir; Cobicistat,DARUNAVIR ETHANOLATE 800 MG PO TABS,,,,,
Darunavir; Cobicistat,COBICISTAT 150 MG PO TABS,,,,,
Glipizide,GLIPIZIDE 5 MG OR TABS,,,,,
Moxifloxacin,MOXIFLOXACIN HCL 0.5 % OP SOLN,,,,,
Sildenafil,SILDENAFIL CITRATE 20 MG OR TABS,,,,,
Sildenafil,SILDENAFIL CITRATE 25 MG OR TABS,,,,,
Promethazine,PROMETHAZINE HCL 25 MG/ML IJ SOLN (UCI),,,,,
Promethazine,PROMETHAZINE HCL 25 MG OR TABS,,,,,
Promethazine,PROMETHAZINE HCL 50 MG RE SUPP,,,,,
Promethazine,PROMETHAZINE HCL 25 MG RE SUPP,,,,,
Promethazine,PROMETHAZINE IVPB (UCI),,,,,
Ampicillin,AMPICILLIN SODIUM 1 GM IJ SOLR,,,,,
Ampicillin,AMPICILLIN SODIUM 2 GM IJ SOLR,,,,,
Ampicillin,AMPICILLIN 500 MG OR CAPS,,,,,
Ampicillin,AMPICILLIN IVPB 1 GM,,,,,
Ampicillin,AMPICILLIN IVPB 2 GM,,,,,
Ampicillin,AMPICILLIN IVPB (VARIABLE DOSE),,,,,
ritonavir,RITONAVIR 100 MG PO TABS,,,,,
Raltegravir,RALTEGRAVIR POTASSIUM 400 MG OR TABS,,,,,
Ceftazidime,CEFTAZIDIME IV PUSH 1 GM IN SWFI 10 ML,,,,,
Ceftazidime,CEFTAZIDIME IV PUSH 2 GM IN SWFI 10 ML,,,,,
Ceftazidime,CEFTAZIDIME 2 GM IJ SOLR,,,,,
Ceftazidime,CEFTAZIDIME IVPB 2 GM (UCI),,,,,
Ceftazidime,CEFTAZIDIME IVPB (VARIABLE DOSE) (UCI),,,,,
Ceftazidime,CEFTAZIDIME OPHTHALMIC INJ 22.5 MG/ML (OPTIME),,,,,
Ceftazidime,CEFTAZIDIME OPHTHALMIC INJ 22.5 MG/ML (UCI),,,,,
Ceftazidime,CEFTAZIDIME OPHTHALMIC INJ 2.25 MG / 0.1 ML (OPTIME),,,,,
lamivudine,LAMIVUDINE 10 MG/ML OR SOLN,,,,,
Darunavir,DARUNAVIR ETHANOLATE 800 MG PO TABS,,,,,
Darunavir,DARUNAVIR ETHANOLATE 600 MG OR TABS,,,,,
Procainamide,no matches found,,,,,
Desvenlafaxine,DESVENLAFAXINE SUCCINATE 50 MG OR TB24,,,,,
Ofloxacin,OFLOXACIN 0.3 % OP SOLN,,,,,
Ofloxacin,OFLOXACIN 0.3 % OT SOLN,,,,,
Treprostinil,TREPROSTINIL 100 MG/20ML IJ SOLN,,,,,
Treprostinil,TREPROSTINIL 200 MG/20ML IJ SOLN,,,,,
Ambrisentan,AMBRISENTAN 5 MG OR TABS,,,,,
Cefoxitin,CEFOXITIN IVPB 1 GM (UCI),,,,,
Cefoxitin,CEFOXITIN IVPB 2 GM (UCI),,,,,
Cefoxitin,CEFOXITIN IV PUSH 2 GM IN SWFI 20 ML,,,,,
Cefoxitin,CEFOXITIN IV 2 GM,,,,,
Cefoxitin,CEFOXITIN IV 1 GM,,,,,
Cefoxitin,CEFOXITIN SODIUM 1 GM IV SOLR,,,,,
Cefoxitin,CEFOXITIN SODIUM 2 GM IV SOLR,,,,,
Isoniazid,ISONIAZID 300 MG OR TABS,,,,,
Isoniazid,ISONIAZID 50 MG/5ML OR SYRP,,,,,
Enalaprilat,ENALAPRILAT 1.25 MG/ML IV INJ,,,,,
Zidovudine,no matches found,,,,,
Amlodipine; Benazepril,AMLODIPINE-BENAZEPRIL 10-20 MG OR CAPS,,,,,
Amlodipine; Benazepril,AMLODIPINE 5 MG OR TABS,,,,,
Methylergonovine,METHYLERGONOVINE MALEATE 0.2 MG/ML IJ SOLN,,,,,
Emtricitabine; Rilpivirine; Tenofovir,no matches found,,,,,
Darunavir; Cobicistat; Emtricitabine; Tenofovir,no matches found,,,,,
Lurasidone,LURASIDONE HCL 40 MG PO TABS,,,,,
Lurasidone,LURASIDONE HCL 20 MG PO TABS,,,,,
Tobramycin,TOBRAMYCIN SULFATE 80 MG/2ML IJ SOLN,,,,,
Tobramycin,TOBRAMYCIN SULFATE 1.2 GM IJ SOLR,,,,,
Tobramycin,TOBRAMYCIN SULFATE 0.3 % OP SOLN,,,,,
Tobramycin,TOBRAMYCIN SULFATE 0.3 % OP OINT,,,,,
Tobramycin,TOBRAMYCIN IVPB (UCI),,,,,
Tobramycin,TOBRAMYCIN-DEXAMETHASONE 0.3-0.1 % OP SUSP,,,,,
Tobramycin,TOBRAMYCIN-DEXAMETHASONE 0.3-0.1 % OP OINT,,,,,
Celecoxib,CELECOXIB 100 MG OR CAPS,,,,,
nevirapine,NEVIRAPINE 200 MG OR TABS,,,,,
Aminocaproic acid,AMINOCAPROIC ACID IV BOLUS (UCI),,,,,
Aminocaproic acid,AMINOCAPROIC ACID INFUSION (UCI),,,,,
Aminocaproic acid,AMINOCAPROIC ACID 250 MG/ML IV SOLN,,,,,
Aminocaproic acid,AMINOCAPROIC ACID 500 MG OR TABS,,,,,
Aminocaproic acid,AMINOCAPROIC ACID 10 G IN 1000 ML NS IRRIGATION (OPTIME),,,,,
Terbutaline,no matches found,,,,,
Tetracaine,TETRACAINE HCL 0.5 % OP SOLN,,,,,
Tetracaine,TETRACAINE HCL 1 % IJ SOLN,,,,,
Tetracaine,TETRACAINE HCL 0.5% VISCOUS OP SOLN (UCI),,,,,
Macitentan,MACITENTAN 10 MG PO TABS,,,,,
Olmesartan; Hydrochlorothiazide,no matches found,,,,,
Ceftolozane; Tazobactam,CEFTOLOZANE-TAZOBACTAM IVPB 1.5 G (UCI),,,,,
Epoprostenol,EPOPROSTENOL INFUSION (UCI),,,,,
Liraglutide,LIRAGLUTIDE 18 MG/3ML SC SOPN,,,,,
Abacavir,ABACAVIR SULFATE 300 MG OR TABS,,,,,
Clarithromycin,CLARITHROMYCIN 250 MG OR TABS,,,,,
Iodine,IODINE STRONG 5 % OR SOLN,,,,,
Etravirine,ETRAVIRINE 100 MG OR TABS,,,,,
Imipramine,IMIPRAMINE HCL 25 MG OR TABS,,,,,
Olmesartan,no matches found,,,,,
Rifampin,RIFAMPIN 300 MG OR CAPS,,,,,
Rifampin,RIFAMPIN IVPB 600 MG (UCI),,,,,
Rifampin,RIFAMPIN IVPB 300 MG (UCI),,,,,
Ethambutol,ETHAMBUTOL HCL 400 MG OR TABS,,,,,
Ethambutol,ETHAMBUTOL HCL 100 MG OR TABS,,,,,
lamivudine; zidovudine,no matches found,,,,,
lopinavir; ritonavir,LOPINAVIR-RITONAVIR 200-50 MG OR TABS,,,,,
Nebivolol,no matches found,,,,,
Efavirenz; Emtricitabine; Tenofovir,no matches found,,,,,
Abacavir; Lamivudine,ABACAVIR-LAMIVUDINE 600-300 MG OR TABS,,,,,
Efavirenz,no matches found,,,,,
Mifepristone,no matches found,,,,,
Neomycin; Polymyxin; Gramicidin,no matches found,,,,,
Lidocaine; Bupivacaine; Epinephrine,no matches found,,,,,
Naproxen,NAPROXEN 250 MG OR TABS,,,,,
Clotting Factor,no matches found,,,,,
Ramipril,no matches found,,,,,
Flumazenil,FLUMAZENIL 1 MG/10ML IV SOLN,,,,,
Lidocaine; Diphenhydramine; Aluminum hydroxide; Magnesium hydroxide; Simethicone,no matches found,,,,,
Droperidol,no matches found,,,,,
Penicillin,PENICILLIN G POTASSIUM IVPB <= 3 MILLION UNITS (UCI),,,,,
Penicillin,PENICILLIN G SODIUM IVPB <4 MILLION UNITS (UCI),,,,,
Penicillin,PENICILLIN G SODIUM IVPB >=4 MILLION UNITS (UCI),,,,,
Penicillin,PENICILLIN G POT IN DEXTROSE 60000 UNIT/ML IV SOLN,,,,,
Penicillin,PENICILLIN G BENZATHINE 1200000 UNIT/2ML IM SUSP,,,,,
Penicillin,PENICILLIN G BENZATHINE 2400000 UNIT/4ML IM SUSP,,,,,